track_name,artist_name,streams,in_spotify_playlists,in_spotify_charts,in_apple_playlists,in_apple_charts,in_deezer_playlists,in_deezer_charts,in_shazam_charts,spotify_total,apple_total,deezer_total
Dance Times,Kanye West,46643625,1795,6,663,19,373,6,10,1801,682,379
Rain Lights,Miley Cyrus,62741851,2226,25,696,14,803,12,1,2251,710,815
Midnight Ways,"Harry Styles, BTS",37882702,1690,20,543,20,424,7,2,1710,563,431
Rain Roads (Acoustic),Imagine Dragons,87556530,4595,8,1570,17,1661,13,9,4603,1587,1674
Sunset Dreams,Post Malone,125200823,2859,14,1442,34,1215,21,7,2873,1476,1236
Crystal Dreams,"Dua Lipa, Adele",176278979,3110,41,1388,7,1488,19,15,3151,1395,1507
Velvet Nights,Lil Baby,118498750,2059,51,1232,41,642,33,28,2110,1273,675
Night Times,SZA,53821619,840,21,374,17,201,15,3,861,391,216
Heart Memories,Morgan Wallen,22880771,1042,8,457,2,346,3,0,1050,459,349
Love Clouds,Drake,86481558,2679,23,1603,17,1067,15,2,2702,1620,1082
Crystal Rivers,Drake,19123956,2916,12,979,18,798,1,9,2928,997,799
Electric Lights (Remix),Lil Baby,12897499,2165,6,978,4,1039,2,3,2171,982,1041
Heart Moments,"Lil Baby, Bruno Mars",21973686,854,6,432,8,300,8,0,860,440,308
Electric Skies (Deluxe),Kendrick Lamar,30780995,1103,26,453,17,269,4,0,1129,470,273
Fire Nights (Remix),"Maroon 5, Chris Stapleton, Post Malone, Beyoncé",103138976,3745,34,1302,44,870,2,30,3779,1346,872
Dreams Ways,Miley Cyrus,62963366,957,0,320,8,242,8,0,957,328,250
Night Waves,Avicii,29227068,2750,10,1339,3,1143,9,8,2760,1342,1152
Fire Dreams,"Lil Baby, 21 Savage, Chris Stapleton",31885021,2276,25,1078,20,675,14,7,2301,1098,689
Forever Times (feat. DJ),Chris Stapleton,162326782,4282,73,1534,44,1349,25,15,4355,1578,1374
Heart Streets,Drake,67841642,2576,24,1461,19,1145,13,8,2600,1480,1158
Electric Vibes (feat. DJ),Kanye West,12474178,1742,22,634,13,561,14,6,1764,647,575
Midnight Waves,Shakira,50237903,3226,13,1437,12,970,12,2,3239,1449,982
Electric Nights,OneRepublic,41720635,2367,30,1300,8,1066,15,0,2397,1308,1081
Stars Times,"Doja Cat, Kanye West",94246318,1901,24,780,19,726,3,2,1925,799,729
Summer Feelings,Zedd,40959585,1707,17,731,11,376,10,0,1724,742,386
Dance Dreams (Deluxe),"Justin Bieber, Lil Baby",63411333,2034,27,760,2,577,14,3,2061,762,591
Dance Dreams (Acoustic),"Shakira, Miley Cyrus",14702882,949,7,481,20,392,14,0,956,501,406
Sunset Skies,Daft Punk,29513688,2302,23,823,3,973,5,3,2325,826,978
Fire Eyes,Rihanna,17964910,1566,27,823,3,723,9,7,1593,826,732
Night Moments,David Guetta,25296164,1408,24,598,19,615,7,8,1432,617,622
Rain Days,Luke Combs,46417879,2823,19,1244,1,760,9,7,2842,1245,769
Stars Ways (Remix),Kygo,189541956,3420,56,1153,44,995,25,17,3476,1197,1020
Summer Roads,Kendrick Lamar,49516232,2035,16,1008,8,517,13,10,2051,1016,530
Neon Eyes,Miley Cyrus,39888885,1429,8,567,12,656,0,10,1437,579,656
Dance Skies,"The Chainsmokers, Olivia Rodrigo",13662346,833,22,289,17,170,13,1,855,306,183
Neon Hills,Metro Boomin,88021084,1136,28,387,2,321,13,5,1164,389,334
Golden Lights,The Chainsmokers,110706774,2679,52,838,47,915,24,24,2731,885,939
Stars Waves (feat. DJ),"Martin Garrix, Taylor Swift, Luke Combs",120496112,3765,10,2091,43,1723,24,20,3775,2134,1747
Heart Streets,"OneRepublic, Zach Bryan, J. Cole, Morgan Wallen",83529546,2091,4,780,13,773,5,2,2095,793,778
Love Streets (Deluxe),Kendrick Lamar,65489763,2959,30,1264,8,997,9,3,2989,1272,1006
Love Roads (Remix),"The Weeknd, Future, Maroon 5, Rihanna",72455618,2424,7,1190,19,667,4,10,2431,1209,671
Sunset Nights,Rihanna,164881840,5397,21,2035,30,2645,18,47,5418,2065,2663
Midnight Story,Lady Gaga,49055211,2821,3,1417,15,585,10,9,2824,1432,595
Neon Feelings,Bad Bunny,57354336,304,30,158,17,99,4,6,334,175,103
Golden Skies (Acoustic),Lady Gaga,65570146,2325,6,1145,19,1142,1,5,2331,1164,1143
Ocean Story,Zach Bryan,68432029,1842,3,917,0,441,11,3,1845,917,452
Golden Rivers,Calvin Harris,21612441,2561,9,1120,0,558,15,6,2570,1120,573
Silver Skies (Live),Ariana Grande,68737207,1491,13,491,3,679,6,6,1504,494,685
Dance Shadows (Live),OneRepublic,38584027,1788,17,568,17,658,3,6,1805,585,661
Neon Times (Acoustic),Tiësto,50660220,543,25,232,17,267,0,9,568,249,267
Dreams Moments (Remix),Avicii,52202076,1601,23,636,18,606,1,2,1624,654,607
Rain Rivers,The Chainsmokers,84636649,3105,21,1218,7,989,1,0,3126,1225,990
Stars Clouds,Luke Combs,158859586,5298,5,2282,29,2523,20,36,5303,2311,2543
Golden Vibes,Diplo,63418473,2877,12,1614,10,766,5,1,2889,1624,771
Rain Nights,Dua Lipa,84933841,1621,18,855,14,655,10,10,1639,869,665
Dreams Eyes,Drake,26848374,1199,27,711,2,461,12,7,1226,713,473
Dreams Rivers,"Dua Lipa, Shakira",68632450,1544,29,594,13,667,1,10,1573,607,668
Stars Shadows,Harry Styles,30110632,1364,30,443,17,426,10,2,1394,460,436
Summer Moments,"Miley Cyrus, Tiësto, Doja Cat",140298972,3142,43,1768,39,751,24,9,3185,1807,775
Electric Times,Diplo,29039302,1657,30,780,14,560,9,6,1687,794,569
Heart Rivers (Acoustic),"Calvin Harris, Avicii",145633420,3718,28,2026,22,1781,26,3,3746,2048,1807
Wild Moments,"Dua Lipa, Lil Baby",41459694,2571,15,1117,0,1212,0,4,2586,1117,1212
Ocean Streets,Maroon 5,41879316,1350,4,522,0,518,7,9,1354,522,525
Neon Memories,Daft Punk,9677059,1550,2,625,20,358,10,2,1552,645,368
Night Eyes,"Metro Boomin, Marshmello",50736655,3009,8,935,20,774,11,0,3017,955,785
Golden Rivers,David Guetta,75588968,2178,26,771,9,645,2,5,2204,780,647
Dreams Clouds,"Diplo, Travis Scott, J. Cole, Drake",8546153,722,1,243,7,313,11,5,723,250,324
Midnight Lights,Ariana Grande,33600945,1034,12,593,3,288,8,7,1046,596,296
Dreams Lights,Metro Boomin,96946301,3396,29,1732,5,1487,7,1,3425,1737,1494
Dreams Vibes,Daft Punk,68687841,1077,13,589,2,255,10,10,1090,591,265
Night Feelings,OneRepublic,31530149,3251,27,1052,6,1269,8,2,3278,1058,1277
Ocean Lights (Deluxe),Lil Baby,39901106,1313,24,621,20,345,13,9,1337,641,358
Fire Streets,Ed Sheeran,21958522,1498,27,604,12,358,11,8,1525,616,369
Midnight Dreams,Drake,124595536,993,40,354,10,347,32,29,1033,364,379
Night Eyes,Zedd,52993996,2416,4,1364,11,1036,11,0,2420,1375,1047
Ocean Dreams,Chris Stapleton,57956159,2099,11,1105,6,799,12,8,2110,1111,811
Ocean Lights,Tiësto,55203025,1073,15,550,9,367,0,5,1088,559,367
Silver Roads,Calvin Harris,93305932,2379,19,1266,12,581,7,0,2398,1278,588
Night Moments,"Tiësto, Calvin Harris",65653557,3078,17,1239,11,1239,8,9,3095,1250,1247
Neon Shadows,"21 Savage, Adele",28526384,1572,21,727,12,700,4,4,1593,739,704
Velvet Ways,"Doja Cat, Rihanna",22748695,2136,7,674,13,638,15,1,2143,687,653
Night Vibes,Adele,31957870,1527,5,649,5,733,1,6,1532,654,734
Velvet Rivers,Rihanna,29966997,2125,14,1050,5,433,10,4,2139,1055,443
Summer Story,Ariana Grande,54682345,2363,18,717,20,727,7,0,2381,737,734
Ocean Times,"Kanye West, Rihanna, Lady Gaga",74124514,1652,24,761,6,707,2,8,1676,767,709
Fire Lights (Live),Avicii,83622823,365,28,165,1,122,13,7,393,166,135
Golden Vibes,Ed Sheeran,10346617,1750,20,1038,20,855,11,6,1770,1058,866
Summer Story (Acoustic),"Justin Bieber, Maroon 5, Kygo, Ariana Grande",67333528,2597,26,958,14,789,8,3,2623,972,797
Night Times (Live),Skrillex,10556963,2074,29,1077,10,774,10,3,2103,1087,784
Neon Memories (Live),Future,55982657,2035,9,840,17,696,7,4,2044,857,703
Wild Vibes (Acoustic),Beyoncé,19037586,1029,1,578,6,454,6,7,1030,584,460
Rain Clouds (Deluxe),21 Savage,73199343,3080,11,1208,11,1089,15,7,3091,1219,1104
Dance Skies (Deluxe),"SZA, The Weeknd",27861549,797,15,370,10,220,15,10,812,380,235
Dreams Memories (Live),"J. Cole, Martin Garrix, Bad Bunny",25218265,2661,0,972,14,830,15,10,2661,986,845
Sunset Nights,"Kygo, The Weeknd, Tiësto, Metro Boomin",40934240,1898,25,795,11,925,14,9,1923,806,939
Velvet Hills,Imagine Dragons,134468358,3909,42,1836,6,1831,2,14,3951,1842,1833
Wild Story (Deluxe),Lil Baby,143556218,2474,72,1361,24,997,34,21,2546,1385,1031
Ocean Dreams,Ed Sheeran,70973752,3294,14,1473,11,1205,12,6,3308,1484,1217
Stars Clouds,Travis Scott,55574655,2001,5,859,17,733,13,1,2006,876,746
Midnight Vibes (Deluxe),Taylor Swift,49874265,2421,12,849,8,702,15,2,2433,857,717
Neon Dreams,"Kendrick Lamar, Luke Combs, J. Cole",27070576,1283,25,716,14,385,4,4,1308,730,389
Midnight Ways (Live),"David Guetta, Beyoncé, Adele",396822578,8114,23,4093,35,1688,29,45,8137,4128,1717
Sunset Clouds,Kendrick Lamar,64405811,3679,13,1703,11,1510,2,1,3692,1714,1512
Heart Ways,OneRepublic,58125357,1304,11,544,18,530,4,5,1315,562,534
Rain Rivers,Bruno Mars,53472015,1573,3,482,10,620,5,3,1576,492,625
Sunset Clouds,Justin Bieber,78229126,3864,0,1976,6,1095,2,9,3864,1982,1097
Wild Dreams,David Guetta,99895097,1142,22,616,19,430,4,5,1164,635,434
Silver Clouds,Maroon 5,220211063,1876,22,875,31,537,11,20,1898,906,548
Sunset Hills,Tiësto,22267726,1860,1,711,17,533,14,9,1861,728,547
Rain Waves,"Chris Stapleton, Kygo",12867996,1187,11,663,2,393,3,3,1198,665,396
Velvet Ways,Drake,52100693,2949,28,1485,3,709,13,0,2977,1488,722
Dance Waves,Post Malone,112760982,2255,47,984,31,672,0,49,2302,1015,672
Forever Lights,David Guetta,112113831,2645,58,806,10,879,0,27,2703,816,879
Fire Memories,Harry Styles,36200210,1634,2,835,0,431,2,2,1636,835,433
Dreams Feelings,Ed Sheeran,91431529,2424,21,831,16,894,5,7,2445,847,899
Heart Roads (Acoustic),Dua Lipa,19844622,1335,20,434,17,507,9,0,1355,451,516
Neon Dreams,Coldplay,31189912,2414,11,1119,5,1035,2,0,2425,1124,1037
Sunset Waves (Remix),Metro Boomin,21852764,1034,9,334,6,509,4,8,1043,340,513
Ocean Memories,BTS,13236879,1696,15,993,16,602,8,2,1711,1009,610
Dreams Hills,"Kendrick Lamar, Zedd",53521449,2128,5,801,3,996,3,3,2133,804,999
Sunset Times,"Justin Bieber, Bad Bunny, Avicii",77305288,1860,21,1061,5,496,1,6,1881,1066,497
Forever Dreams,Doja Cat,49959969,1824,17,963,7,447,13,0,1841,970,460
Summer Waves,Olivia Rodrigo,26874502,3097,16,1312,11,1045,2,9,3113,1323,1047
Dance Lights (Live),Ariana Grande,47520682,1175,7,378,6,282,3,2,1182,384,285
Dance Feelings,The Chainsmokers,47983607,2342,2,1202,11,746,1,10,2344,1213,747
Stars Feelings,Dua Lipa,60632528,1462,11,739,20,329,8,1,1473,759,337
Silver Waves (Live),Drake,42140612,2030,8,880,4,427,7,10,2038,884,434
Crystal Times,Maroon 5,54448070,2558,25,1139,18,897,12,4,2583,1157,909
Summer Nights,Zach Bryan,25603983,2626,25,1093,5,663,10,5,2651,1098,673
Night Vibes,Bruno Mars,37111099,1555,29,752,4,469,5,5,1584,756,474
Heart Lights,"Metro Boomin, Imagine Dragons, Zedd",106131519,3999,22,2048,35,1631,39,50,4021,2083,1670
Night Nights,"Imagine Dragons, Zedd",101198875,2156,63,737,47,481,22,20,2219,784,503
Heart Story,Shakira,62482873,1352,3,741,18,534,7,2,1355,759,541
Dreams Skies (Remix),"Billie Eilish, Justin Bieber",12408201,2187,20,764,13,540,3,5,2207,777,543
Silver Skies (feat. DJ),Dua Lipa,15942582,1187,6,390,6,298,9,1,1193,396,307
Golden Clouds,Kygo,50969056,1083,26,412,1,265,3,1,1109,413,268
Neon Roads (Live),Kygo,14146659,2597,21,1544,4,613,14,2,2618,1548,627
Ocean Ways,Kanye West,64687263,1244,17,494,8,442,0,9,1261,502,442
Velvet Shadows (Acoustic),"Avicii, Rihanna",85045726,2798,19,1350,12,592,10,3,2817,1362,602
Heart Times,"Travis Scott, Metro Boomin",37638682,2549,13,1227,2,653,6,6,2562,1229,659
Silver Story,"Ariana Grande, Kygo",12260574,224,22,80,11,100,12,10,246,91,112
Golden Nights (Acoustic),Zedd,25026229,2173,1,758,18,942,6,3,2174,776,948
Ocean Story,Ariana Grande,68805715,3542,14,1330,14,1029,12,9,3556,1344,1041
Wild Ways,Dua Lipa,71776300,1159,4,527,7,544,12,10,1163,534,556
Silver Days,"Coldplay, Skrillex",145846378,4429,64,1727,10,2002,35,11,4493,1737,2037
Summer Eyes,Harry Styles,64863332,1437,27,481,1,660,2,7,1464,482,662
Silver Streets,Doja Cat,19715241,1409,20,447,14,397,5,9,1429,461,402
Night Skies,Calvin Harris,52093113,1651,21,497,7,442,11,4,1672,504,453
Crystal Dreams,Rihanna,235457582,1291,21,754,25,265,14,46,1312,779,279
Velvet Dreams,Kanye West,166686235,3296,6,1670,26,1098,7,35,3302,1696,1105
Ocean Moments,Martin Garrix,54211423,2334,6,1126,8,1049,6,5,2340,1134,1055
Dreams Feelings (Live),Beyoncé,43432037,2175,23,718,8,855,14,4,2198,726,869
Night Story (feat. DJ),Luke Combs,87656910,3833,5,1280,12,1873,8,6,3838,1292,1881
Electric Nights,"Calvin Harris, 21 Savage",25881634,2471,15,825,13,820,2,4,2486,838,822
Golden Clouds,"Lil Baby, Calvin Harris",13730128,2340,27,1050,5,520,15,5,2367,1055,535
Electric Roads,Beyoncé,81188548,3810,23,1889,3,1223,1,8,3833,1892,1224
Electric Lights,"Lady Gaga, SZA",78657598,1890,21,692,10,579,9,8,1911,702,588
Rain Feelings (Live),Kendrick Lamar,31886424,1915,13,601,20,864,3,7,1928,621,867
Silver Nights (feat. DJ),"Calvin Harris, Justin Bieber, Metro Boomin",176197307,1976,31,754,21,970,28,8,2007,775,998
Golden Moments (feat. DJ),"Diplo, 21 Savage",70638334,2183,24,885,15,818,13,10,2207,900,831
Dance Nights (Acoustic),Lil Baby,32352938,1158,14,383,17,532,12,3,1172,400,544
Dance Days,Drake,85232911,2125,22,1089,11,906,6,3,2147,1100,912
Dance Moments,OneRepublic,96147955,2781,10,1332,20,1069,9,7,2791,1352,1078
Velvet Clouds,Billie Eilish,41892862,2285,9,835,19,820,0,1,2294,854,820
Forever Story (Acoustic),Kendrick Lamar,39921120,2297,16,745,3,574,0,10,2313,748,574
Love Streets (Remix),"Ed Sheeran, Billie Eilish",45756755,1652,18,902,8,532,14,10,1670,910,546
Golden Rivers,"Bad Bunny, Harry Styles",15568428,2237,26,1114,15,552,7,2,2263,1129,559
Love Roads,Post Malone,54221172,1686,28,872,6,545,4,2,1714,878,549
Dreams Eyes,Marshmello,83110841,2093,20,775,9,807,6,5,2113,784,813
Wild Times (Live),OneRepublic,103654782,3000,59,1300,49,874,35,6,3059,1349,909
Love Roads,"The Weeknd, J. Cole",58932173,2907,20,1548,11,923,9,2,2927,1559,932
Crystal Moments,Future,41106210,1322,15,769,1,351,15,3,1337,770,366
Wild Feelings (Deluxe),"Calvin Harris, Bad Bunny, Lil Baby",48795129,1288,12,527,20,604,2,8,1300,547,606
Stars Streets,Taylor Swift,23361242,1445,5,590,3,575,13,5,1450,593,588
Silver Roads,Beyoncé,15995617,1638,30,690,18,640,9,1,1668,708,649
Crystal Ways,Zach Bryan,48879075,2489,12,1034,3,510,13,2,2501,1037,523
Sunset Rivers,"Ariana Grande, Daft Punk, Taylor Swift",45530948,2400,12,972,18,550,4,4,2412,990,554
Silver Rivers,"Metro Boomin, Taylor Swift",44563323,645,3,223,20,242,8,8,648,243,250
Velvet Hills,Justin Bieber,88006229,3236,23,1193,5,744,12,5,3259,1198,756
Dreams Ways,Skrillex,140372863,1556,51,753,33,444,38,3,1607,786,482
Crystal Times,"Bad Bunny, Martin Garrix",48976343,3472,24,1457,12,1116,6,8,3496,1469,1122
Rain Streets (Deluxe),Travis Scott,44822646,4156,2,1874,10,2011,8,8,4158,1884,2019
Silver Story,Future,49601556,2083,30,845,17,422,8,3,2113,862,430
Fire Days,"Olivia Rodrigo, Rihanna",29856716,2420,6,1332,19,742,3,1,2426,1351,745
Fire Rivers,"Avicii, David Guetta",17221481,268,1,120,12,122,5,7,269,132,127
Ocean Ways,Dua Lipa,71997080,3196,5,1437,6,1041,11,5,3201,1443,1052
Summer Skies,Morgan Wallen,27877347,2521,4,1509,20,895,10,7,2525,1529,905
Wild Ways,Kanye West,10810371,1649,11,923,19,428,5,4,1660,942,433
Wild Waves,"Post Malone, J. Cole",24781363,1352,22,514,20,430,14,5,1374,534,444
Dreams Days,"Kendrick Lamar, Metro Boomin, Chris Stapleton",44888742,2994,24,1254,2,692,4,1,3018,1256,696
Golden Lights (Live),Billie Eilish,74621363,3610,5,1722,14,1405,13,8,3615,1736,1418
Forever Story,Maroon 5,44718303,1718,0,869,15,831,15,4,1718,884,846
Fire Clouds (feat. DJ),OneRepublic,41505167,2241,22,1132,9,884,8,6,2263,1141,892
Rain Lights,21 Savage,101081464,1194,36,454,45,395,0,14,1230,499,395
Night Lights,Marshmello,68488293,3072,6,1747,8,1367,0,1,3078,1755,1367
Forever Lights,"Lil Baby, Calvin Harris, Coldplay, 21 Savage",46899334,2353,15,1156,6,725,1,10,2368,1162,726
Summer Story (Deluxe),BTS,55118174,2132,15,698,19,642,1,0,2147,717,643
Rain Story,"J. Cole, The Chainsmokers",14424645,1151,14,538,17,470,6,9,1165,555,476
Forever Ways,Martin Garrix,84127282,3306,11,1761,7,979,2,10,3317,1768,981
Heart Feelings,Maroon 5,9235428,998,15,356,1,370,12,10,1013,357,382
Dreams Streets (Remix),Olivia Rodrigo,92521879,3679,16,1148,2,1656,2,3,3695,1150,1658
Fire Skies (Live),Beyoncé,72454512,2666,22,1331,3,666,5,8,2688,1334,671
Sunset Lights,"Adele, OneRepublic",187586377,3287,57,1932,0,1373,18,38,3344,1932,1391
Dance Skies,"Zach Bryan, 21 Savage",11908478,3272,11,1134,8,1014,7,3,3283,1142,1021
Silver Feelings,Calvin Harris,71655956,2593,10,1048,13,842,3,3,2603,1061,845
Summer Moments,Post Malone,96244553,278,2,101,9,121,4,2,280,110,125
Stars Moments,Tiësto,55955392,1057,7,393,8,457,10,10,1064,401,467
Forever Nights (Deluxe),J. Cole,26232738,996,29,543,6,403,4,1,1025,549,407
Love Lights,Bruno Mars,114341520,1235,18,628,42,253,37,42,1253,670,290
Love Vibes,Marshmello,12554850,1351,27,763,12,363,12,8,1378,775,375
Summer Rivers,Metro Boomin,9771928,1062,7,635,16,300,1,10,1069,651,301
Midnight Rivers (Deluxe),Ariana Grande,45105361,2827,4,1209,9,1336,10,7,2831,1218,1346
Stars Waves (feat. DJ),"21 Savage, Martin Garrix",28769932,671,5,265,4,280,10,6,676,269,290
Silver Dreams,"Chris Stapleton, Diplo, Travis Scott, Skrillex",32323771,1584,24,701,16,718,15,10,1608,717,733
Dance Waves,"Maroon 5, Taylor Swift",20436537,3485,27,1690,10,1603,7,6,3512,1700,1610
Crystal Feelings,"J. Cole, Bad Bunny",80781911,1118,23,348,12,396,1,3,1141,360,397
Stars Streets (Live),Drake,51383351,3163,4,1321,10,1060,5,7,3167,1331,1065
Golden Vibes,"BTS, J. Cole",25712472,1344,12,420,5,636,4,2,1356,425,640
Dance Story,"Ariana Grande, Taylor Swift, Kanye West",12110780,1168,21,517,13,388,0,3,1189,530,388
Silver Dreams,"Post Malone, Future",256059852,4107,20,2060,39,1635,38,36,4127,2099,1673
Velvet Vibes,Chris Stapleton,35882455,1421,6,687,3,527,2,7,1427,690,529
Neon Hills (Deluxe),Avicii,5962542,1780,14,867,3,749,6,9,1794,870,755
Dance Vibes,Doja Cat,6283458,1249,18,605,0,561,6,5,1267,605,567
Wild Streets (Live),"Marshmello, Daft Punk",58926440,2816,23,1417,17,1015,6,9,2839,1434,1021
Fire Dreams,Avicii,69173930,2141,28,794,14,960,9,3,2169,808,969
Stars Days,"The Weeknd, Martin Garrix",32528351,2133,27,702,16,859,4,3,2160,718,863
Crystal Eyes,"Marshmello, Dua Lipa",34452988,1637,24,707,3,461,5,4,1661,710,466
Summer Nights,"Metro Boomin, Avicii",37186284,2770,0,1222,1,642,1,1,2770,1223,643
Velvet Vibes (Live),"Doja Cat, Future",41395063,1506,24,662,7,729,4,9,1530,669,733
Golden Hills,Ed Sheeran,51481724,3091,3,1303,3,920,2,4,3094,1306,922
Wild Days (Deluxe),Calvin Harris,57287331,2179,2,1137,18,982,3,9,2181,1155,985
Wild Hills,"Skrillex, Coldplay",56004672,3270,28,1721,0,1396,4,7,3298,1721,1400
Forever Waves (Acoustic),"Avicii, 21 Savage",309934476,3807,37,1213,35,1866,0,45,3844,1248,1866
Midnight Waves,"Adele, Maroon 5",36688695,2087,26,1204,13,513,4,2,2113,1217,517
Ocean Waves,"Maroon 5, Metro Boomin",57997470,2212,0,1047,7,914,8,6,2212,1054,922
Dreams Moments (Deluxe),Zedd,44003206,2746,28,1326,7,938,2,10,2774,1333,940
Wild Waves,Calvin Harris,17020112,2653,23,1420,8,579,15,9,2676,1428,594
Dance Ways,Tiësto,27900121,1227,29,585,4,488,11,2,1256,589,499
Sunset Clouds,"Skrillex, Post Malone, David Guetta",41164973,2051,8,1080,3,442,14,6,2059,1083,456
Sunset Story,Kendrick Lamar,140142878,2576,5,848,34,1007,27,39,2581,882,1034
Summer Roads (Deluxe),Zach Bryan,53545864,1318,0,558,16,304,14,5,1318,574,318
Rain Dreams,Skrillex,54036676,677,21,358,20,250,5,1,698,378,255
Fire Vibes,"21 Savage, Adele, Kendrick Lamar",12627334,1782,2,797,6,682,5,10,1784,803,687
Night Vibes,Metro Boomin,46652213,1511,20,453,1,603,8,2,1531,454,611
Neon Feelings,SZA,42604202,614,2,251,10,137,14,4,616,261,151
Neon Vibes (Live),Kanye West,18573406,427,18,158,12,93,9,7,445,170,102
Crystal Streets (Deluxe),BTS,10326770,2191,15,1253,19,468,4,0,2206,1272,472
Ocean Times,BTS,48688508,2886,21,1364,4,855,6,0,2907,1368,861
Silver Memories,Billie Eilish,90868524,3516,0,1062,2,1448,9,6,3516,1064,1457
Night Dreams,"Beyoncé, Kanye West, Metro Boomin",39584217,1981,0,925,6,466,3,9,1981,931,469
Neon Hills,Post Malone,77425518,2448,19,1325,14,521,1,8,2467,1339,522
Rain Lights,Zedd,58233594,2695,27,970,7,598,15,0,2722,977,613
Dance Days,Kanye West,28494380,2256,5,1191,7,1051,5,10,2261,1198,1056
Sunset Times,Travis Scott,63999194,1378,28,415,1,292,15,8,1406,416,307
Sunset Days,Chris Stapleton,11357298,1273,27,599,18,263,14,7,1300,617,277
Wild Rivers,Ed Sheeran,94165592,3874,25,1402,2,1495,10,0,3899,1404,1505
Velvet Vibes,Lady Gaga,42749758,1180,24,559,6,502,7,5,1204,565,509
Heart Hills (Deluxe),Tiësto,93433109,1151,30,584,2,295,14,1,1181,586,309
Rain Rivers (Remix),David Guetta,25729594,749,0,290,2,154,7,8,749,292,161
Silver Moments (Acoustic),The Chainsmokers,60748126,2770,9,1470,1,677,9,7,2779,1471,686
Wild Roads,Beyoncé,112742768,1157,18,476,34,569,34,19,1175,510,603
Forever Hills (Deluxe),Tiësto,53784601,95,3,49,1,22,3,4,98,50,25
Dance Days,Martin Garrix,64792032,1361,19,655,1,643,11,6,1380,656,654
Electric Waves (Acoustic),"Bruno Mars, Avicii, Harry Styles, Olivia Rodrigo",39369296,2435,18,1167,4,638,15,8,2453,1171,653
Silver Moments,Daft Punk,40104492,2565,9,1149,14,685,0,2,2574,1163,685
Dance Hills (Remix),Beyoncé,78647792,746,27,281,15,367,3,5,773,296,370
Fire Memories,21 Savage,35694484,1666,6,882,5,715,5,8,1672,887,720
Forever Shadows (Live),Taylor Swift,24013800,1526,7,838,17,586,3,6,1533,855,589
Crystal Lights,"The Chainsmokers, Diplo",17304261,1903,7,746,6,454,2,6,1910,752,456
Neon Feelings (Remix),Tiësto,34810709,1527,29,733,18,718,5,10,1556,751,723
Crystal Roads,"Zach Bryan, Beyoncé",52378395,2508,24,1156,3,1196,15,5,2532,1159,1211
Wild Feelings,Maroon 5,76806756,2144,17,1107,2,639,3,6,2161,1109,642
Golden Nights,"Ed Sheeran, David Guetta",55883718,1870,4,782,18,922,5,1,1874,800,927
Silver Ways (Live),"Travis Scott, Skrillex",220016042,3176,65,1218,49,1068,7,16,3241,1267,1075
Wild Moments,"The Weeknd, Imagine Dragons, Diplo, 21 Savage",117508035,2865,63,1280,16,1039,34,34,2928,1296,1073
Velvet Eyes (feat. DJ),Bad Bunny,58835264,1547,3,728,15,615,15,7,1550,743,630
Silver Memories,Adele,19952858,1229,13,495,11,397,1,10,1242,506,398
Velvet Lights,Miley Cyrus,161701072,2253,34,689,30,848,20,24,2287,719,868
Forever Shadows (feat. DJ),Miley Cyrus,54115333,1975,18,830,7,765,2,9,1993,837,767
Forever Rivers (Live),"Shakira, Lil Baby",55315155,2739,19,1245,17,696,0,10,2758,1262,696
Night Rivers,"Zach Bryan, Avicii, Morgan Wallen",87481821,782,29,249,6,354,8,4,811,255,362
Velvet Waves,Bruno Mars,27858553,2532,8,1359,8,1006,5,10,2540,1367,1011
Dreams Clouds (feat. DJ),"Maroon 5, Future",177535087,836,67,313,5,226,7,49,903,318,233
Dance Roads,Travis Scott,53846384,1827,15,922,8,847,4,5,1842,930,851
Midnight Eyes,Beyoncé,150886436,3756,50,2171,16,1090,15,19,3806,2187,1105
Sunset Feelings (Acoustic),"Calvin Harris, Miley Cyrus",124506342,1895,70,987,29,774,3,41,1965,1016,777
Fire Times,Avicii,48094055,1428,10,621,4,397,10,4,1438,625,407
Summer Vibes (feat. DJ),"The Weeknd, Lil Baby, Kanye West",72861426,774,19,292,2,377,5,9,793,294,382
Neon Clouds,Travis Scott,65482509,2356,25,809,9,1161,7,9,2381,818,1168
Midnight Waves (Acoustic),"Adele, Maroon 5, 21 Savage, Olivia Rodrigo",13082987,2012,7,887,11,1004,1,0,2019,898,1005
Crystal Hills (Live),Justin Bieber,71301537,2162,4,972,8,917,13,4,2166,980,930
Electric Memories,"Daft Punk, Future",51249509,2708,22,1191,3,1350,15,0,2730,1194,1365
Fire Rivers (Deluxe),"Olivia Rodrigo, Justin Bieber",410221557,9424,23,4004,4,2580,31,43,9447,4008,2611
Electric Hills,Post Malone,8261327,1610,1,799,14,478,4,3,1611,813,482
Summer Clouds,Imagine Dragons,46315978,1981,3,771,13,833,9,10,1984,784,842
Sunset Vibes (Acoustic),Travis Scott,37958620,784,16,315,14,315,4,7,800,329,319
Forever Times,Ariana Grande,43822160,1014,13,332,18,450,11,4,1027,350,461
Forever Lights,Bad Bunny,149924523,2878,43,1698,11,757,5,47,2921,1709,762
Electric Clouds (Deluxe),Billie Eilish,74063293,1608,12,870,2,381,0,3,1620,872,381
Rain Vibes,"Kanye West, Kygo",7531260,719,28,248,14,351,15,0,747,262,366
Sunset Waves (Deluxe),Dua Lipa,14154563,766,19,444,15,206,1,8,785,459,207
Golden Streets,David Guetta,33015316,1915,14,707,7,720,10,9,1929,714,730
Dreams Hills,Diplo,36528952,2680,7,972,1,1339,11,4,2687,973,1350
Velvet Times,Diplo,24072856,1456,17,553,4,663,3,0,1473,557,666
Heart Days (feat. DJ),Dua Lipa,74780872,2605,11,1042,4,617,6,7,2616,1046,623
Golden Times,"Lady Gaga, OneRepublic",24334838,1449,13,614,13,680,11,0,1462,627,691
Night Moments (Remix),OneRepublic,186478674,4747,70,2668,46,2007,22,0,4817,2714,2029
Rain Eyes,J. Cole,26642139,1640,17,631,2,579,9,8,1657,633,588
Crystal Feelings (Acoustic),Morgan Wallen,14176866,1444,9,681,0,485,7,9,1453,681,492
Wild Rivers,"Martin Garrix, Dua Lipa",14021785,1365,13,748,2,310,13,2,1378,750,323
Dance Roads,Zach Bryan,104256644,2016,64,681,45,680,32,33,2080,726,712
Heart Shadows,"Skrillex, BTS",44443595,2175,11,850,15,453,4,2,2186,865,457
Night Waves,Shakira,56387758,1853,24,632,20,626,14,10,1877,652,640
Electric Ways,Miley Cyrus,100918397,1164,39,545,7,457,5,12,1203,552,462
Dance Days,"Lil Baby, Justin Bieber, The Weeknd",34101902,1256,1,561,0,379,5,6,1257,561,384
Dance Vibes,Rihanna,20332512,1273,10,451,1,368,3,5,1283,452,371
Crystal Rivers,Zedd,75064334,2450,20,906,0,687,3,3,2470,906,690
Velvet Streets,"Kygo, Beyoncé, Daft Punk, OneRepublic",281789812,4485,0,1426,30,1264,16,43,4485,1456,1280
Midnight Feelings (Deluxe),Ed Sheeran,89041881,3027,30,1219,8,1495,14,4,3057,1227,1509
Love Story,"J. Cole, Skrillex, Calvin Harris",110289832,556,68,180,41,219,34,1,624,221,253
Rain Streets,BTS,37236745,2296,25,1183,7,1134,11,0,2321,1190,1145
Velvet Days,Tiësto,53972939,994,18,336,2,236,7,8,1012,338,243
Night Lights,OneRepublic,73117509,1260,28,650,1,357,13,8,1288,651,370
Dreams Times,21 Savage,53332818,3082,15,1323,0,1164,10,4,3097,1323,1174
Electric Feelings,Zach Bryan,11810341,2385,25,806,14,516,13,1,2410,820,529
Ocean Dreams,Chris Stapleton,53184261,1235,20,717,0,415,10,9,1255,717,425
Dance Shadows,Ariana Grande,25527798,2108,18,908,20,898,9,9,2126,928,907
Stars Memories,Martin Garrix,14998909,1744,6,1034,20,824,2,5,1750,1054,826
Fire Feelings,Bruno Mars,86132389,1427,14,695,7,491,10,6,1441,702,501
Electric Days,BTS,9062290,841,9,296,8,349,10,8,850,304,359
Wild Days,"J. Cole, BTS",78824051,5445,28,2341,2,1282,4,3,5473,2343,1286
Rain Skies,Chris Stapleton,147253248,2378,16,1320,37,1107,13,46,2394,1357,1120
Fire Lights (Deluxe),David Guetta,52120663,540,18,267,6,143,6,7,558,273,149
Dreams Eyes,Daft Punk,70898610,3370,10,1441,14,1111,11,7,3380,1455,1122
Crystal Rivers,Harry Styles,13557174,1110,10,398,10,305,8,3,1120,408,313
Neon Rivers (feat. DJ),"Zedd, Taylor Swift",35453547,2571,16,1224,17,1098,14,5,2587,1241,1112
Stars Eyes (Remix),Lady Gaga,44746995,911,12,481,17,264,0,9,923,498,264
Midnight Days,"Olivia Rodrigo, Ed Sheeran, Daft Punk",28765046,2316,3,1163,5,485,15,0,2319,1168,500
Crystal Story,Marshmello,110125919,3347,8,1394,13,799,13,19,3355,1407,812
Dance Days,Metro Boomin,71150665,2879,7,1317,18,1335,14,7,2886,1335,1349
Sunset Times,"Diplo, Justin Bieber",130129148,3391,50,1728,2,922,10,17,3441,1730,932
Wild Waves,Chris Stapleton,37315997,2761,20,1403,14,867,12,3,2781,1417,879
Velvet Times (Live),Marshmello,19776688,2008,9,677,12,503,0,10,2017,689,503
Crystal Feelings,The Chainsmokers,5666530,1589,12,842,7,496,7,3,1601,849,503
Fire Nights,"Dua Lipa, Future",98857283,842,12,489,3,227,3,5,854,492,230
Dance Dreams,SZA,74329305,765,15,455,3,316,5,4,780,458,321
Love Dreams (Live),Calvin Harris,39822727,1863,0,903,3,545,13,3,1863,906,558
Ocean Streets (Acoustic),J. Cole,15170923,1547,13,764,9,657,7,5,1560,773,664
Fire Streets,Coldplay,19194477,3287,4,1076,18,1198,6,3,3291,1094,1204
Forever Roads,Skrillex,41437507,1823,11,764,5,622,13,8,1834,769,635
Fire Ways,Kygo,95787035,2937,15,1053,6,591,11,7,2952,1059,602
Fire Days (Acoustic),"Bad Bunny, Ariana Grande, Imagine Dragons, Zedd",103740708,2777,47,1413,41,876,27,47,2824,1454,903
Ocean Streets (feat. DJ),J. Cole,170963390,5407,49,2267,37,2661,5,33,5456,2304,2666
Dreams Feelings,"Bruno Mars, Zach Bryan",20668160,1797,6,1040,12,736,0,2,1803,1052,736
Fire Moments,Billie Eilish,139734151,3056,23,1658,12,848,26,28,3079,1670,874
Summer Hills,Miley Cyrus,65323985,2429,0,1213,1,556,0,6,2429,1214,556
Midnight Clouds,"Miley Cyrus, Beyoncé, Coldplay, Future",11771077,2068,26,1171,4,429,3,8,2094,1175,432
Love Lights,Maroon 5,67399865,1533,7,738,12,646,2,5,1540,750,648
Crystal Memories,"Avicii, Morgan Wallen",284964130,724,14,321,34,197,13,10,738,355,210
Neon Feelings,Morgan Wallen,42819674,2268,22,906,7,1087,2,10,2290,913,1089
Wild Roads (Remix),Harry Styles,132947886,2771,7,1321,12,1258,27,20,2778,1333,1285
Electric Lights,Taylor Swift,43155129,1910,9,656,1,725,9,8,1919,657,734
Summer Memories (feat. DJ),"Post Malone, SZA",164134303,1823,2,846,21,595,30,22,1825,867,625
Silver Memories (Acoustic),Dua Lipa,25297792,606,15,234,4,159,6,10,621,238,165
Crystal Lights,"Shakira, Justin Bieber, Drake, BTS",44144379,2514,9,1273,5,995,12,10,2523,1278,1007
Neon Rivers,BTS,60239190,2676,3,1440,5,843,13,4,2679,1445,856
Neon Vibes,"Daft Punk, Martin Garrix",57344147,2113,28,708,19,863,0,8,2141,727,863
Night Vibes (Deluxe),Daft Punk,201534053,0,0,0,2,0,33,50,0,2,33
Rain Feelings,Skrillex,21398208,2568,19,1195,18,790,4,9,2587,1213,794
Stars Skies,Kendrick Lamar,62109940,270,11,126,20,120,5,6,281,146,125
Velvet Waves,Kygo,28260712,1952,3,806,7,612,3,1,1955,813,615
Night Nights,Travis Scott,84194136,1626,28,902,15,614,8,0,1654,917,622
Golden Times,Morgan Wallen,231395176,4354,35,2550,33,2100,14,19,4389,2583,2114
Dreams Eyes,Billie Eilish,179757209,1811,17,803,32,734,34,44,1828,835,768
Crystal Dreams,Luke Combs,165416459,3703,17,1681,3,1210,24,10,3720,1684,1234
Silver Clouds,Kendrick Lamar,34328143,2471,28,1199,15,536,0,9,2499,1214,536
Sunset Hills,Shakira,56670916,3481,8,1280,12,1087,11,6,3489,1292,1098
Rain Feelings,Taylor Swift,111182508,2689,20,1344,30,1311,17,7,2709,1374,1328
Stars Shadows,"BTS, The Weeknd, Post Malone",48895105,1906,15,737,15,428,13,3,1921,752,441
Heart Rivers,OneRepublic,57794032,2017,3,685,1,569,6,2,2020,686,575
Sunset Hills,SZA,17565817,1556,13,582,1,396,0,0,1569,583,396
Forever Feelings,David Guetta,21117328,2335,23,1267,18,837,11,3,2358,1285,848
Rain Streets (Remix),"Zedd, Lil Baby, Doja Cat",68706367,2773,23,959,4,714,8,8,2796,963,722
Dance Moments,The Weeknd,49733719,1962,12,879,17,904,2,2,1974,896,906
Rain Roads,Taylor Swift,102468333,1676,28,651,17,612,10,14,1704,668,622
Summer Days,Drake,263536926,3914,41,1271,45,1820,16,46,3955,1316,1836
Love Skies,Justin Bieber,149594547,2918,70,1055,28,776,17,13,2988,1083,793
Fire Days,Justin Bieber,24606320,2724,5,1540,12,1106,6,1,2729,1552,1112
Ocean Feelings,"Morgan Wallen, Taylor Swift",223780646,5467,34,1874,40,2076,0,50,5501,1914,2076
Stars Times,Bruno Mars,13638431,2465,1,815,9,568,13,2,2466,824,581
Heart Hills,Future,32044727,1474,29,848,1,562,5,6,1503,849,567
Dance Vibes (feat. DJ),"Travis Scott, Future, Coldplay",24768381,2319,23,1250,15,1030,3,9,2342,1265,1033
Neon Waves,Adele,214837823,2280,68,1049,34,822,14,24,2348,1083,836
Love Shadows,Taylor Swift,45421001,2615,27,1464,4,754,4,8,2642,1468,758
Sunset Shadows,Morgan Wallen,126620982,2954,46,1011,15,659,36,26,3000,1026,695
Forever Feelings,J. Cole,32182290,1690,0,707,13,682,14,8,1690,720,696
Ocean Memories,"Ariana Grande, Maroon 5",157697734,3638,40,1803,25,1630,10,3,3678,1828,1640
Summer Eyes,"Zach Bryan, The Weeknd",16542418,981,9,349,6,384,1,3,990,355,385
Crystal Days,"Taylor Swift, Zach Bryan, Bruno Mars, Maroon 5",17724710,2309,16,1252,4,478,12,7,2325,1256,490
Fire Rivers,Future,49990973,1426,4,572,11,551,13,0,1430,583,564
Velvet Vibes,"Post Malone, Adele",17326870,1119,2,395,14,310,15,4,1121,409,325
Stars Streets,"Maroon 5, 21 Savage",26809019,1462,16,636,1,564,1,3,1478,637,565
Dreams Shadows,"Coldplay, Future",13611201,2924,12,1551,6,937,2,5,2936,1557,939
Rain Lights,"Post Malone, Billie Eilish, J. Cole",90062307,3931,15,1430,6,1809,13,4,3946,1436,1822
Sunset Rivers,Metro Boomin,9719667,2073,24,806,6,631,13,7,2097,812,644
Silver Dreams,Doja Cat,26740902,1392,28,609,4,486,10,1,1420,613,496
Sunset Skies (Deluxe),"Olivia Rodrigo, Doja Cat",102607970,2373,46,723,19,832,7,44,2419,742,839
Fire Streets,Chris Stapleton,73043649,2159,9,1195,13,842,3,1,2168,1208,845
Night Eyes (feat. DJ),The Chainsmokers,35531038,2982,11,1760,14,965,12,0,2993,1774,977
Sunset Memories,Beyoncé,130897626,646,40,258,36,321,15,35,686,294,336
Sunset Times,"Imagine Dragons, Kygo, Billie Eilish",101713267,1188,33,654,10,575,13,5,1221,664,588
Stars Streets,Avicii,197234984,4949,38,1772,15,2068,24,49,4987,1787,2092
Stars Eyes,"Marshmello, BTS, Dua Lipa",124368931,2875,2,1219,31,1402,4,13,2877,1250,1406
Night Feelings (Acoustic),Avicii,41953173,2260,16,1180,3,582,0,8,2276,1183,582
Stars Ways,SZA,101123713,722,55,327,25,344,16,11,777,352,360
Electric Waves,Morgan Wallen,27445238,2039,13,733,11,636,2,7,2052,744,638
Fire Lights,Imagine Dragons,47173469,1020,3,308,0,423,6,7,1023,308,429
Ocean Vibes,Daft Punk,51647088,3026,10,1087,1,1333,15,0,3036,1088,1348
Love Roads (Live),Avicii,176880821,5093,8,2245,26,2123,17,20,5101,2271,2140
Golden Dreams,"21 Savage, David Guetta, J. Cole, BTS",93103838,2771,27,1402,13,742,2,3,2798,1415,744
Ocean Clouds,Kendrick Lamar,42033063,1736,18,983,13,678,3,8,1754,996,681
Dreams Shadows,Zach Bryan,48606619,2393,2,1415,1,631,6,7,2395,1416,637
Electric Moments (Remix),"Adele, Bruno Mars",182843777,4406,51,1570,17,1440,19,36,4457,1587,1459
Crystal Streets,The Weeknd,50458796,1294,4,542,13,455,1,7,1298,555,456
Dance Rivers,Imagine Dragons,19914757,2161,1,1228,18,604,2,8,2162,1246,606
Rain Shadows,Olivia Rodrigo,5895907,1447,16,828,19,496,9,3,1463,847,505
Love Nights (Remix),Calvin Harris,161919121,1867,31,824,2,832,36,43,1898,826,868
Dance Hills,"David Guetta, Daft Punk",108485257,1987,61,663,43,706,40,1,2048,706,746
Midnight Feelings (Deluxe),"Olivia Rodrigo, Doja Cat",23622578,1109,12,528,8,324,1,9,1121,536,325
Stars Streets,"BTS, Tiësto, 21 Savage",104249660,622,38,277,4,273,0,29,660,281,273
Love Memories,Shakira,95152242,2518,2,1294,4,1255,6,6,2520,1298,1261
Forever Dreams,"Imagine Dragons, Dua Lipa, Kendrick Lamar",52552342,1558,24,560,4,506,6,4,1582,564,512
Electric Lights,Dua Lipa,50175549,1279,0,733,0,623,13,1,1279,733,636
Midnight Moments,Rihanna,9666997,1911,8,1049,20,443,3,4,1919,1069,446
Neon Moments,Martin Garrix,70574371,2305,15,1122,6,540,0,2,2320,1128,540
Heart Eyes,Imagine Dragons,58447418,2078,19,1048,19,492,4,10,2097,1067,496
Heart Roads,Calvin Harris,22348970,1875,9,819,18,594,9,0,1884,837,603
Rain Shadows (Deluxe),"Tiësto, Martin Garrix",59747743,1659,20,855,10,560,4,4,1679,865,564
Dance Moments,"Metro Boomin, Lil Baby, Martin Garrix",100888947,2258,20,834,42,523,30,20,2278,876,553
Dreams Streets (Deluxe),Kendrick Lamar,30585414,1930,14,797,20,718,6,3,1944,817,724
Heart Days,Harry Styles,68650931,2712,21,1407,20,972,6,3,2733,1427,978
Dreams Roads,Kanye West,24804741,1267,1,608,10,261,9,4,1268,618,270
Midnight Dreams,Diplo,171488949,5078,4,2038,16,1321,3,8,5082,2054,1324
Ocean Vibes (Live),"Ed Sheeran, Diplo, Chris Stapleton",8944148,1501,15,678,20,457,15,4,1516,698,472
Midnight Moments,Calvin Harris,40147710,672,11,240,13,319,7,3,683,253,326
Stars Streets,Drake,193344211,1460,37,494,25,501,7,42,1497,519,508
Velvet Eyes (feat. DJ),"The Chainsmokers, Lady Gaga",79915857,4161,22,2434,15,1181,6,2,4183,2449,1187
Electric Feelings,Beyoncé,73225209,2870,26,1691,1,814,12,7,2896,1692,826
Forever Memories,OneRepublic,121647338,4371,27,2304,21,1825,39,27,4398,2325,1864
Silver Rivers,OneRepublic,24944385,1048,0,402,8,236,7,8,1048,410,243
Heart Eyes,Zach Bryan,30293707,1898,1,1119,15,742,6,6,1899,1134,748
Dance Hills,"Kendrick Lamar, Rihanna",112584123,2641,29,882,2,674,32,28,2670,884,706
Summer Shadows,Metro Boomin,13875112,1349,26,680,2,529,9,2,1375,682,538
Night Eyes (Deluxe),The Weeknd,50809609,2695,24,1408,18,1115,6,6,2719,1426,1121
Sunset Skies (Deluxe),Kanye West,98034799,1747,26,825,7,521,11,3,1773,832,532
Golden Hills,Tiësto,144557613,3283,16,1896,15,1421,26,43,3299,1911,1447
Rain Nights (Remix),"Tiësto, Zedd, David Guetta, J. Cole",112165389,2146,4,1180,1,873,4,8,2150,1181,877
Wild Lights,Metro Boomin,27755930,1839,11,1075,13,715,13,4,1850,1088,728
Electric Clouds,Zedd,115431751,3386,43,1064,33,1588,37,32,3429,1097,1625
Ocean Lights,Martin Garrix,44161013,2314,7,1308,9,1114,8,9,2321,1317,1122
Love Hills (Remix),"Skrillex, Kygo, Doja Cat",92667085,611,9,351,3,203,13,7,620,354,216
Wild Ways,Adele,26285297,1588,10,901,1,524,10,3,1598,902,534
Fire Hills,Calvin Harris,19456721,2484,6,1274,1,808,8,9,2490,1275,816
Neon Clouds,Rihanna,22821853,2090,28,1189,9,681,14,5,2118,1198,695
Stars Hills (Live),21 Savage,10126622,257,25,108,17,110,8,10,282,125,118
Night Eyes,Morgan Wallen,56817461,1986,3,1160,19,761,4,9,1989,1179,765
Rain Shadows,J. Cole,29708896,2164,13,789,7,1043,1,0,2177,796,1044
Night Ways (Live),"Kanye West, Beyoncé",84166082,3111,2,1002,13,641,4,1,3113,1015,645
Silver Hills,Doja Cat,61214019,1829,16,682,0,910,12,5,1845,682,922
Heart Eyes,Lady Gaga,53182976,3268,27,1904,18,898,4,6,3295,1922,902
Silver Dreams,Bad Bunny,132973131,1888,30,748,45,651,35,47,1918,793,686
Heart Memories (Live),Billie Eilish,40900488,1722,17,732,0,497,13,4,1739,732,510
Ocean Shadows,Future,121970696,2322,17,811,45,1042,0,20,2339,856,1042
Electric Lights,21 Savage,14935468,381,17,215,11,148,6,4,398,226,154
Silver Moments,Lil Baby,48990393,2297,24,952,18,991,8,9,2321,970,999
Love Lights,Billie Eilish,60000416,1030,15,410,16,440,7,8,1045,426,447
Dance Moments (Deluxe),"Skrillex, Billie Eilish",55445282,1233,11,435,11,563,11,6,1244,446,574
Silver Eyes,Martin Garrix,13179782,1383,1,683,20,475,1,4,1384,703,476
Velvet Feelings,Justin Bieber,62927665,2730,27,916,14,1068,1,5,2757,930,1069
Crystal Story (Live),"Zedd, Lady Gaga",9943297,2090,26,1104,4,875,2,2,2116,1108,877
Heart Lights,Travis Scott,40510654,2326,2,827,18,902,0,2,2328,845,902
Forever Nights,Bruno Mars,25122288,1532,6,541,9,425,14,4,1538,550,439
Silver Clouds,"Future, Bad Bunny",67441253,1877,10,957,16,686,8,1,1887,973,694
Stars Streets,Kanye West,181825096,2321,41,1184,40,714,0,10,2362,1224,714
Love Streets (Live),Marshmello,59003375,2144,19,860,12,621,7,8,2163,872,628
Crystal Days (Deluxe),"Billie Eilish, Diplo, Metro Boomin",84035925,3839,1,2269,9,1680,4,5,3840,2278,1684
Rain Waves,Harry Styles,30315065,1981,17,1002,6,938,12,7,1998,1008,950
Ocean Clouds,"Future, OneRepublic",45966993,2262,28,1091,7,702,10,8,2290,1098,712
Dreams Lights,Olivia Rodrigo,42751948,2016,30,1182,5,502,3,7,2046,1187,505
Neon Clouds,Future,55369810,1856,25,1003,14,650,15,5,1881,1017,665
Silver Ways,Taylor Swift,62574174,1889,27,844,11,406,11,4,1916,855,417
Forever Memories,The Weeknd,43629438,1984,2,913,4,829,15,6,1986,917,844
Ocean Feelings,Lady Gaga,135770211,2642,32,1364,47,1228,27,7,2674,1411,1255
Rain Waves,Lady Gaga,96031561,2558,19,1073,5,1032,8,0,2577,1078,1040
Summer Times,Kanye West,66546697,1421,13,696,10,515,15,8,1434,706,530
Midnight Ways,Kygo,89473980,1719,11,558,16,534,9,5,1730,574,543
Love Eyes,OneRepublic,48811531,777,3,325,6,386,9,2,780,331,395
Heart Lights,Zach Bryan,61345218,1087,14,419,14,268,5,6,1101,433,273
Sunset Waves,J. Cole,105141503,3932,52,2294,20,1505,10,36,3984,2314,1515
Electric Shadows (feat. DJ),"Doja Cat, Billie Eilish",31715953,1810,2,1028,6,675,14,3,1812,1034,689
Dreams Story (Live),Beyoncé,33860127,1343,22,619,19,529,0,7,1365,638,529
Heart Feelings,J. Cole,33839767,2122,11,899,10,514,7,7,2133,909,521
Forever Streets,Chris Stapleton,51721913,2049,9,630,11,756,9,4,2058,641,765
Midnight Ways,Skrillex,30755139,1399,0,528,16,592,12,7,1399,544,604
Crystal Hills,J. Cole,14567826,1474,8,711,3,582,11,7,1482,714,593
Wild Rivers,Kanye West,153966916,3846,7,1669,33,1055,16,47,3853,1702,1071
Rain Vibes (feat. DJ),Travis Scott,27831804,1837,3,847,1,543,2,3,1840,848,545
Love Roads,David Guetta,62028823,1156,25,566,14,575,8,6,1181,580,583
Dance Skies,Kygo,32582502,993,15,445,5,218,13,10,1008,450,231
Forever Lights (Live),Olivia Rodrigo,40679401,3779,4,1500,6,1624,5,2,3783,1506,1629
Golden Lights,Post Malone,33242939,2062,13,837,4,1015,8,0,2075,841,1023
Rain Days,Daft Punk,13707060,1555,10,803,18,530,1,10,1565,821,531
Dance Skies,Drake,53755774,4040,23,1713,4,1867,9,9,4063,1717,1876
Love Moments (Remix),"Martin Garrix, Metro Boomin",135604244,4264,46,2437,28,1808,13,11,4310,2465,1821
Stars Feelings,"Skrillex, The Weeknd",27760311,3774,11,1150,13,1882,10,8,3785,1163,1892
Silver Streets,"Billie Eilish, Harry Styles",110915347,3775,59,1643,47,927,21,4,3834,1690,948
Love Times,"Diplo, The Weeknd",54199374,1731,26,817,11,810,4,3,1757,828,814
Dreams Lights (feat. DJ),Kygo,27706301,1386,8,512,6,598,0,2,1394,518,598
Midnight Roads (Remix),Imagine Dragons,46524034,1981,15,1034,11,841,10,6,1996,1045,851
Sunset Clouds (Remix),The Weeknd,16506146,1328,27,658,7,663,2,10,1355,665,665
Crystal Moments,Avicii,142318173,4071,47,1975,10,1326,11,33,4118,1985,1337
Dance Dreams,Imagine Dragons,38273027,1058,27,363,13,226,12,9,1085,376,238
Velvet Streets,"BTS, Calvin Harris, OneRepublic",48233261,2475,10,1229,11,1205,3,7,2485,1240,1208
Midnight Eyes (Remix),"Harry Styles, Morgan Wallen",72774995,1822,22,1078,18,648,8,2,1844,1096,656
Night Times,Justin Bieber,134877035,3725,73,1570,13,1251,16,34,3798,1583,1267
Heart Lights (Acoustic),Zach Bryan,49754606,3488,17,1178,7,1717,3,1,3505,1185,1720
Crystal Days,Tiësto,57337830,2272,16,1039,17,701,7,8,2288,1056,708
Rain Ways,"Kygo, Kanye West, OneRepublic",127212588,1370,53,778,29,406,19,0,1423,807,425
Fire Times,Post Malone,57493764,2235,30,1306,4,1045,3,9,2265,1310,1048
Ocean Hills,Bruno Mars,83045685,2022,2,1140,10,935,1,6,2024,1150,936
Dreams Dreams (Acoustic),SZA,58865237,1006,8,556,8,474,10,6,1014,564,484
Dance Feelings (Live),Zedd,90312132,935,29,467,1,355,3,9,964,468,358
Silver Rivers,"J. Cole, Marshmello",84075720,3536,0,1729,10,812,13,0,3536,1739,825
Dance Nights,Marshmello,74475498,2431,24,983,5,1102,2,5,2455,988,1104
Fire Clouds,Diplo,87979017,3645,30,1277,0,850,9,8,3675,1277,859
Dance Moments (Deluxe),Lil Baby,41670695,1133,23,616,9,435,2,5,1156,625,437
Summer Times,"SZA, Beyoncé",34196408,2847,26,1229,17,1040,6,6,2873,1246,1046
Summer Lights,OneRepublic,96268246,2639,22,987,17,986,3,8,2661,1004,989
Night Streets,Marshmello,16990462,751,28,303,4,164,11,1,779,307,175
Forever Skies,Olivia Rodrigo,191467028,4044,18,2142,43,1520,0,39,4062,2185,1520
Rain Times (feat. DJ),Morgan Wallen,104685041,2324,51,1097,43,734,26,24,2375,1140,760
Dance Clouds,David Guetta,16270833,1920,24,630,8,395,1,8,1944,638,396
Silver Roads,Coldplay,109415636,2896,44,953,43,1372,38,23,2940,996,1410
Forever Feelings,"BTS, Adele",22425022,2164,19,749,19,1030,14,10,2183,768,1044
Neon Days (Remix),Post Malone,130054523,3071,66,1005,41,909,33,36,3137,1046,942
Sunset Clouds,Chris Stapleton,18207330,1422,15,686,9,496,9,10,1437,695,505
Night Skies,J. Cole,155598774,5216,55,2720,33,2372,32,23,5271,2753,2404
Ocean Story,Olivia Rodrigo,24646323,2168,7,1079,10,1073,12,3,2175,1089,1085
Forever Days (Acoustic),Future,53437204,2324,24,1037,19,472,12,0,2348,1056,484
Fire Ways (Live),Justin Bieber,60743764,1650,24,554,6,800,15,3,1674,560,815
Dreams Times,Justin Bieber,76667930,4308,24,2551,6,1798,1,9,4332,2557,1799
Forever Rivers,Coldplay,132871543,3500,3,1964,4,1585,38,33,3503,1968,1623
Ocean Nights (Acoustic),Martin Garrix,20844004,1945,12,1032,3,889,1,9,1957,1035,890
Neon Dreams,Luke Combs,161920542,3128,19,1364,23,835,18,40,3147,1387,853
Velvet Times (feat. DJ),Marshmello,55727253,893,14,523,14,275,10,10,907,537,285
Golden Eyes,"Daft Punk, Maroon 5",87921846,3144,28,1728,19,1017,6,3,3172,1747,1023
Fire Ways (Deluxe),Coldplay,132091058,3195,59,1194,47,764,31,20,3254,1241,795
Golden Days (feat. DJ),Harry Styles,196637279,4817,57,2131,45,1216,19,6,4874,2176,1235
Dance Times (feat. DJ),Daft Punk,9127530,1135,5,601,18,461,11,7,1140,619,472
Ocean Eyes,Ed Sheeran,64494643,2714,20,1075,2,831,15,0,2734,1077,846
Summer Eyes,"Adele, Drake, Lil Baby",66395022,2222,2,888,1,531,0,9,2224,889,531
Crystal Waves,Miley Cyrus,46728171,1097,15,421,2,519,2,10,1112,423,521
Summer Vibes (Remix),Ed Sheeran,103816487,2100,58,1027,21,915,6,39,2158,1048,921
Rain Memories (Live),"OneRepublic, SZA",120756074,2282,63,1099,11,777,37,3,2345,1110,814
Dreams Days,Doja Cat,73830725,1222,16,601,6,400,11,3,1238,607,411
Sunset Vibes,Morgan Wallen,16502689,1169,24,672,11,478,2,9,1193,683,480
Rain Times,Adele,138535198,1958,51,859,29,657,9,47,2009,888,666
Fire Moments,Taylor Swift,57900467,3403,8,1365,0,1188,5,4,3411,1365,1193
Heart Vibes (Live),"David Guetta, Drake, Shakira",192201428,3891,1,2284,40,963,40,19,3892,2324,1003
Neon Vibes,Lady Gaga,68685072,1330,29,746,10,518,15,4,1359,756,533
Summer Hills,Diplo,18791842,2042,16,913,19,960,8,1,2058,932,968
Golden Dreams,Kanye West,248625205,5114,68,1841,41,1311,38,38,5182,1882,1349
Forever Ways,"21 Savage, Taylor Swift",140605291,4050,18,1757,24,1484,38,28,4068,1781,1522
Wild Story,Billie Eilish,35815046,2252,26,1162,17,467,13,10,2278,1179,480
Crystal Memories (feat. DJ),Chris Stapleton,17353722,2221,2,1169,11,669,13,5,2223,1180,682
Electric Nights,"Daft Punk, Olivia Rodrigo",22690105,2661,21,1243,1,1045,7,7,2682,1244,1052
Midnight Story,Chris Stapleton,67819538,3304,6,1218,15,667,2,9,3310,1233,669
Midnight Nights (Deluxe),Daft Punk,37410762,2123,20,818,0,708,12,3,2143,818,720
Golden Streets,"Olivia Rodrigo, Adele",29080497,1902,26,673,10,498,12,5,1928,683,510
Love Story,Diplo,45279606,1971,23,927,5,451,11,3,1994,932,462
Dance Streets (feat. DJ),BTS,26957053,2168,3,706,7,729,8,4,2171,713,737
Electric Waves,Bad Bunny,48661491,1782,28,684,9,740,6,4,1810,693,746
Neon Times (Remix),OneRepublic,53734844,1557,21,888,17,563,10,10,1578,905,573
Velvet Waves,"Future, David Guetta",21918689,1789,11,883,14,762,5,0,1800,897,767
Sunset Feelings (Deluxe),21 Savage,7337385,145,23,53,10,50,10,5,168,63,60
Stars Days (Deluxe),Kanye West,25431308,1231,9,458,12,358,6,8,1240,470,364
Electric Feelings,Ed Sheeran,66568973,1714,13,832,15,669,1,10,1727,847,670
Heart Waves,Chris Stapleton,302144616,5323,48,1658,31,2276,5,30,5371,1689,2281
Neon Memories,Beyoncé,46759614,1871,4,894,0,899,14,1,1875,894,913
Crystal Hills,Zedd,54481075,2107,13,701,4,1033,2,3,2120,705,1035
Wild Roads (feat. DJ),Bruno Mars,14643869,2881,19,1350,14,1005,13,0,2900,1364,1018
Dreams Vibes,"Daft Punk, Ed Sheeran",62054679,3857,7,2206,4,911,5,1,3864,2210,916
Sunset Feelings,"Ed Sheeran, Future, Doja Cat, Skrillex",39458310,1329,16,712,3,474,8,9,1345,715,482
Rain Feelings,Calvin Harris,11814637,2013,4,1121,4,922,2,7,2017,1125,924
Sunset Memories (Live),Maroon 5,49951311,739,23,422,15,284,13,10,762,437,297
Stars Memories,Daft Punk,41379082,960,17,462,9,438,15,8,977,471,453
Dreams Ways,Martin Garrix,53066195,2675,7,1256,11,1315,6,5,2682,1267,1321
Forever Days,"Ariana Grande, Metro Boomin",34649355,1556,14,738,5,365,9,10,1570,743,374
Silver Streets,Metro Boomin,25835855,1123,12,338,6,498,8,7,1135,344,506
Sunset Clouds,"Kanye West, Skrillex, Dua Lipa, Calvin Harris",9141250,2155,2,825,17,777,4,1,2157,842,781
Summer Dreams,OneRepublic,25438418,1176,7,413,12,306,0,2,1183,425,306
Fire Times,Marshmello,73730174,1978,19,1097,14,522,3,1,1997,1111,525
Neon Waves (Deluxe),"Kygo, Olivia Rodrigo",88861270,3075,11,1055,2,1169,12,2,3086,1057,1181
Neon Story,Coldplay,16838911,893,25,273,18,271,12,0,918,291,283
Fire Nights,"Lady Gaga, Kendrick Lamar, David Guetta",130639656,4576,46,1438,14,1038,10,5,4622,1452,1048
Summer Waves,"Travis Scott, Justin Bieber",25668536,145,18,71,5,41,15,6,163,76,56
Electric Skies (feat. DJ),Justin Bieber,8520130,1823,26,558,16,853,12,2,1849,574,865
Heart Times,Beyoncé,36235430,2386,9,1045,15,962,12,8,2395,1060,974
Neon Moments (feat. DJ),"Martin Garrix, Billie Eilish, Tiësto",29125174,2371,9,977,10,820,0,3,2380,987,820
Summer Streets,Beyoncé,115364244,2063,59,699,3,564,9,40,2122,702,573
Crystal Skies,Skrillex,44038356,1598,0,955,4,676,8,0,1598,959,684
Wild Eyes,Marshmello,99628859,3599,13,1904,1,1439,2,2,3612,1905,1441
Night Eyes,Imagine Dragons,30968024,2000,17,940,6,400,2,2,2017,946,402
Wild Dreams (Acoustic),Harry Styles,87457040,1890,28,1028,10,736,10,8,1918,1038,746
Midnight Memories (Acoustic),Tiësto,31049159,2095,30,784,4,1001,11,6,2125,788,1012
Sunset Clouds (feat. DJ),"Ed Sheeran, Drake",34864392,1417,7,631,15,677,12,9,1424,646,689
Midnight Vibes,Skrillex,30688085,1489,25,807,20,365,1,0,1514,827,366
Fire Eyes,Avicii,17373074,1687,26,973,5,791,15,1,1713,978,806
Crystal Feelings,"Skrillex, Billie Eilish",111433013,1794,57,731,32,523,25,26,1851,763,548
Heart Moments,Harry Styles,14322998,771,10,390,18,209,15,6,781,408,224
Night Memories (Acoustic),Doja Cat,271982268,4927,57,1674,20,2087,27,42,4984,1694,2114
Stars Times,Post Malone,29460338,396,24,119,11,163,11,5,420,130,174
Crystal Roads,Martin Garrix,13832569,1479,17,885,14,315,10,0,1496,899,325
Dance Eyes (Remix),Zedd,36823822,945,0,433,1,251,14,3,945,434,265
Forever Dreams,"Tiësto, Luke Combs",99796860,2382,7,1376,12,877,10,2,2389,1388,887
Dance Nights,The Weeknd,43850820,2312,5,944,9,677,2,1,2317,953,679
Velvet Streets,BTS,16806148,2016,25,719,8,841,2,1,2041,727,843
Sunset Feelings (Live),"Miley Cyrus, Zach Bryan",89862454,2725,18,1428,2,1342,7,10,2743,1430,1349
Silver Shadows,The Chainsmokers,47589313,3067,27,1346,4,1389,3,9,3094,1350,1392
Velvet Waves,Adele,269670851,413,17,210,24,206,17,21,430,234,223
Dreams Moments (Deluxe),Rihanna,14289435,1590,28,536,18,419,2,3,1618,554,421
Heart Clouds (Remix),Daft Punk,75716077,3067,23,967,2,700,0,1,3090,969,700
Dreams Lights,"Daft Punk, Beyoncé",27876477,2275,22,768,16,617,13,0,2297,784,630
Crystal Eyes,Lil Baby,63625743,2199,7,1066,3,906,8,10,2206,1069,914
Heart Times,"Justin Bieber, Skrillex",22359460,1575,6,603,3,586,6,1,1581,606,592
Dance Streets,"Adele, Imagine Dragons, Future, Kygo",49197224,1602,27,800,7,555,8,6,1629,807,563
Sunset Feelings (feat. DJ),Martin Garrix,10986904,1628,14,658,20,435,6,4,1642,678,441
Summer Skies,J. Cole,59302440,1786,22,588,16,785,12,0,1808,604,797
Fire Hills (Remix),"Avicii, Martin Garrix",72771215,1673,5,556,9,696,13,4,1678,565,709
Rain Times,Coldplay,42660570,2667,15,982,17,546,2,1,2682,999,548
Stars Times (feat. DJ),"Future, Daft Punk, The Chainsmokers, Morgan Wallen",25095605,0,20,0,14,0,2,5,20,14,2
Velvet Nights,Calvin Harris,123584169,4557,27,2454,21,1048,32,37,4584,2475,1080
Heart Roads,21 Savage,21059864,2123,26,770,4,612,1,10,2149,774,613
Dreams Nights,OneRepublic,51234920,2154,26,1223,3,485,5,3,2180,1226,490
Crystal Roads (Deluxe),Metro Boomin,90425756,230,13,80,14,65,8,9,243,94,73
Stars Memories,"Harry Styles, Ariana Grande",62037597,1257,20,596,4,271,5,8,1277,600,276
Crystal Skies,Daft Punk,17984536,400,4,216,7,163,2,8,404,223,165
Wild Story,Billie Eilish,127292977,2899,3,942,10,1238,40,37,2902,952,1278
Love Moments (Acoustic),"Kanye West, Skrillex",92523225,2437,2,1130,4,926,15,4,2439,1134,941
Crystal Waves,Coldplay,69387381,1511,7,624,20,456,11,8,1518,644,467
Wild Shadows,Travis Scott,71132309,3563,20,1571,13,934,13,9,3583,1584,947
Night Feelings (Acoustic),Drake,112988457,3062,33,1493,16,1496,11,35,3095,1509,1507
Dreams Moments,Travis Scott,32660939,1163,9,491,5,239,13,2,1172,496,252
Midnight Nights,Coldplay,9998801,849,25,313,11,256,5,4,874,324,261
Crystal Rivers (Remix),Tiësto,40671733,1607,26,955,10,671,4,7,1633,965,675
Golden Days (Acoustic),Olivia Rodrigo,86222191,1281,25,438,3,290,14,8,1306,441,304
Rain Moments,Future,115370200,2211,64,992,20,1099,6,29,2275,1012,1105
Velvet Moments (Deluxe),Zach Bryan,46742414,26,20,13,8,10,3,6,46,21,13
Heart Rivers,Bruno Mars,33012477,1164,26,358,4,496,13,3,1190,362,509
Wild Waves,The Chainsmokers,29319822,2285,17,964,1,1025,0,5,2302,965,1025
Love Memories (Remix),Luke Combs,52320357,856,24,263,4,347,2,5,880,267,349
Silver Feelings,Daft Punk,101461996,1354,18,658,33,608,18,47,1372,691,626
Velvet Rivers,Bruno Mars,68399746,2472,11,1076,0,943,1,8,2483,1076,944
Ocean Roads,"Zedd, Imagine Dragons",112312465,2966,37,1628,41,1131,38,47,3003,1669,1169
Forever Story (Acoustic),Miley Cyrus,20494119,2362,7,917,4,1022,13,6,2369,921,1035
Love Streets,Chris Stapleton,40182025,732,7,291,19,345,7,8,739,310,352
Sunset Lights,21 Savage,130323801,2196,34,720,35,691,24,22,2230,755,715
Crystal Lights,"Future, Doja Cat",53700248,1910,12,883,7,718,9,8,1922,890,727
Midnight Clouds,Tiësto,20490726,1090,10,596,0,233,2,6,1100,596,235
Fire Rivers,Marshmello,75441923,812,1,421,7,317,8,0,813,428,325
Sunset Moments,Morgan Wallen,31596642,799,15,460,1,395,2,4,814,461,397
Fire Days,"Ariana Grande, Miley Cyrus, Lady Gaga",186689385,3460,59,1049,10,1395,5,38,3519,1059,1400
Silver Shadows,Marshmello,102156606,2047,21,1145,20,438,25,18,2068,1165,463
Heart Clouds,Future,95067130,3680,5,2114,2,751,5,10,3685,2116,756
Neon Dreams,Avicii,56489416,2810,17,1417,10,906,10,3,2827,1427,916
Night Clouds (Live),BTS,53736867,2685,0,1099,0,839,4,1,2685,1099,843
Electric Feelings,Zach Bryan,19646188,1749,18,597,18,558,14,9,1767,615,572
Wild Memories (feat. DJ),"The Weeknd, Post Malone, Drake",121077460,2045,32,924,18,806,19,38,2077,942,825
Electric Vibes,"Marshmello, Zach Bryan, Bad Bunny",58165780,2556,21,910,19,857,12,1,2577,929,869
Sunset Rivers,Diplo,85081112,3869,15,2314,1,1691,10,10,3884,2315,1701
Midnight Clouds (Acoustic),"Lil Baby, Lady Gaga",17572096,2384,5,1271,10,1086,8,4,2389,1281,1094
Summer Moments,Rihanna,105209095,4456,28,2494,12,1621,36,6,4484,2506,1657
Fire Roads,"Justin Bieber, Shakira, Imagine Dragons",31084486,951,3,349,16,220,12,5,954,365,232
Forever Ways,"Adele, 21 Savage",49625343,1233,28,559,18,274,3,7,1261,577,277
Midnight Eyes,"Harry Styles, SZA",35131502,1946,19,1101,13,667,3,3,1965,1114,670
Golden Nights,"Zach Bryan, Bad Bunny",88929569,2966,17,943,4,1267,0,4,2983,947,1267
Sunset Waves,Miley Cyrus,101794855,1483,38,828,8,515,21,32,1521,836,536
Fire Rivers,"Metro Boomin, Rihanna",223776104,4239,3,1444,0,1970,2,9,4242,1444,1972
Dreams Days,"BTS, Miley Cyrus",43712840,804,21,265,9,229,12,6,825,274,241
Love Moments,J. Cole,70790269,2858,9,1036,2,1022,5,8,2867,1038,1027
Ocean Vibes,Taylor Swift,36758450,1364,17,598,0,490,15,6,1381,598,505
Velvet Ways,"Kendrick Lamar, Coldplay",32338791,1855,2,840,14,583,7,1,1857,854,590
Electric Days (Deluxe),Future,21543141,928,19,338,13,431,3,6,947,351,434
Summer Roads (Deluxe),Adele,39426178,1440,15,745,14,606,15,3,1455,759,621
Heart Nights (Deluxe),Zach Bryan,6608605,1675,1,668,19,570,15,1,1676,687,585
Heart Moments (Live),"The Weeknd, Zach Bryan",17794160,1905,5,593,1,532,15,9,1910,594,547
Midnight Memories (Remix),Beyoncé,91994657,1334,27,718,10,310,2,5,1361,728,312
Rain Hills,The Weeknd,19920709,711,6,407,18,230,15,1,717,425,245
Rain Nights,"Post Malone, BTS",59771107,1948,19,1035,2,457,12,6,1967,1037,469
Electric Times,"Lil Baby, Martin Garrix",10953332,1429,6,613,10,375,0,10,1435,623,375
Velvet Clouds,Rihanna,11985546,1458,19,562,4,299,6,5,1477,566,305
Neon Story (feat. DJ),Zach Bryan,30113836,2144,29,874,10,775,12,4,2173,884,787
Ocean Nights,OneRepublic,35860971,2955,30,962,13,1355,0,6,2985,975,1355
Love Times (Acoustic),"Billie Eilish, 21 Savage",13959056,2033,29,1161,15,750,14,5,2062,1176,764
Fire Times,Rihanna,39897735,2127,1,1128,16,503,6,0,2128,1144,509
Night Skies,Billie Eilish,52995270,2034,4,971,3,1001,1,7,2038,974,1002
Night Eyes,Miley Cyrus,32609666,1534,6,471,18,507,11,8,1540,489,518
Love Lights,Olivia Rodrigo,39286405,2110,25,1215,14,1005,13,6,2135,1229,1018
Dance Clouds,The Weeknd,46047964,2315,14,1103,14,549,8,0,2329,1117,557
Dreams Lights (Remix),Taylor Swift,24132305,1884,9,930,19,841,12,9,1893,949,853
Forever Feelings,Coldplay,36778460,2690,18,1021,7,1208,10,6,2708,1028,1218
Fire Waves (feat. DJ),"Metro Boomin, Kendrick Lamar",72206115,1921,28,887,5,445,13,0,1949,892,458
Crystal Dreams,"21 Savage, Avicii",59895803,2886,0,1498,17,1013,9,10,2886,1515,1022
Golden Rivers,Chris Stapleton,63363110,2597,29,788,5,567,0,4,2626,793,567
Forever Dreams,Coldplay,30459936,473,8,254,19,189,4,7,481,273,193
Sunset Feelings,"Kendrick Lamar, Harry Styles, Skrillex",27274834,1775,9,891,17,652,10,6,1784,908,662
Forever Dreams,"Bad Bunny, OneRepublic",80502682,2196,4,701,0,539,10,1,2200,701,549
Crystal Roads (feat. DJ),Kygo,52016841,2983,1,1682,4,1478,12,7,2984,1686,1490
Heart Roads (feat. DJ),Bruno Mars,155433044,4406,13,1629,30,1832,0,21,4419,1659,1832
Fire Shadows (Acoustic),"Zach Bryan, The Weeknd",26602778,965,3,413,20,202,6,4,968,433,208
Velvet Roads (Remix),"Ariana Grande, Diplo",58227803,1725,2,746,13,612,3,3,1727,759,615
Summer Roads,Lil Baby,63964657,2017,9,1021,2,601,8,5,2026,1023,609
Midnight Memories,Beyoncé,12294763,729,17,395,6,237,7,6,746,401,244
Silver Eyes (Acoustic),Drake,18098303,1043,29,430,12,422,8,8,1072,442,430
Golden Hills (Acoustic),Bruno Mars,106926518,2245,28,803,32,991,1,27,2273,835,992
Heart Clouds,"Miley Cyrus, Drake",8709202,2106,29,1058,5,961,3,2,2135,1063,964
Wild Dreams,Imagine Dragons,63128110,2797,27,1261,8,1006,12,0,2824,1269,1018
Dreams Nights,Daft Punk,26995033,2171,8,941,13,950,5,10,2179,954,955
Wild Times,"Luke Combs, Calvin Harris",43397509,0,20,0,8,0,5,4,20,8,5
Sunset Ways,Bad Bunny,77471960,1456,27,522,2,339,6,2,1483,524,345
Fire Hills,Lil Baby,77407559,3097,11,1592,20,1123,2,9,3108,1612,1125
Velvet Rivers (Acoustic),SZA,78331302,516,0,160,20,217,2,6,516,180,219
Dance Waves,"Kendrick Lamar, Coldplay, Travis Scott",17527551,1139,25,530,0,447,10,3,1164,530,457
Silver Rivers,Avicii,13516060,1146,10,509,4,517,3,4,1156,513,520
Dance Moments (Deluxe),Metro Boomin,31566311,1910,4,1132,20,759,15,0,1914,1152,774
Night Feelings,Billie Eilish,23709435,2965,12,1299,12,694,0,8,2977,1311,694
Night Times (Acoustic),"Coldplay, Rihanna",231928522,1652,61,632,50,702,35,41,1713,682,737
Love Streets (Live),Taylor Swift,114575756,1697,48,731,4,508,2,27,1745,735,510
Dreams Times (Remix),"Bruno Mars, Morgan Wallen",19720971,2323,8,1235,15,493,0,5,2331,1250,493
Ocean Clouds,Morgan Wallen,42146306,363,17,169,20,134,15,8,380,189,149
Electric Clouds,"Marshmello, Zedd",12893965,2441,11,1065,20,870,5,6,2452,1085,875
Wild Feelings,Lady Gaga,26996517,952,12,457,2,217,4,4,964,459,221
Silver Vibes,Calvin Harris,41814424,2883,11,1453,11,997,1,5,2894,1464,998
Night Vibes,Metro Boomin,46463555,3043,1,1332,6,1363,8,7,3044,1338,1371
Crystal Nights,David Guetta,13202996,1064,29,492,11,214,2,0,1093,503,216
Fire Waves,"Dua Lipa, Future, Harry Styles, Miley Cyrus",99619797,2975,27,1601,1,1327,4,3,3002,1602,1331
Dreams Rivers,Calvin Harris,33133058,1034,16,455,18,379,6,6,1050,473,385
Stars Hills,Morgan Wallen,79029431,991,23,527,1,274,1,2,1014,528,275
Summer Lights (feat. DJ),The Chainsmokers,143468856,1150,57,411,35,305,16,19,1207,446,321
Stars Skies,Bruno Mars,156334178,3863,6,1614,28,1490,22,5,3869,1642,1512
Night Hills,"Miley Cyrus, Adele, Dua Lipa",51746234,2221,3,974,16,1071,3,9,2224,990,1074
Ocean Shadows (Acoustic),Kanye West,26769754,3495,0,1984,4,890,10,9,3495,1988,900
Golden Roads,"Olivia Rodrigo, Justin Bieber",12639098,2814,3,1490,6,1275,14,9,2817,1496,1289
Rain Eyes (Remix),"Taylor Swift, Bruno Mars, 21 Savage, Kanye West",7455268,1899,4,1103,6,623,9,1,1903,1109,632
Summer Shadows,Shakira,34065262,3606,18,2099,0,1418,12,9,3624,2099,1430
Summer Hills,Zach Bryan,48004059,2722,18,1509,9,1018,11,3,2740,1518,1029
Golden Story,Olivia Rodrigo,26227250,1313,14,605,5,491,5,10,1327,610,496
Sunset Memories,Bad Bunny,64003706,2583,7,785,3,585,12,7,2590,788,597
Silver Nights,The Chainsmokers,50064215,1541,26,573,5,676,4,7,1567,578,680
Golden Nights,The Chainsmokers,31002597,2130,30,746,20,934,5,1,2160,766,939
Heart Rivers,Dua Lipa,46708550,1388,23,609,15,347,3,6,1411,624,350
Silver Hills (Deluxe),"Daft Punk, Diplo, Post Malone, Tiësto",20845085,1395,16,476,15,347,1,2,1411,491,348
Dance Hills (feat. DJ),Kendrick Lamar,114102237,5252,46,2485,45,1359,0,43,5298,2530,1359
Electric Hills,"SZA, Ariana Grande",34642448,2650,6,827,4,930,13,5,2656,831,943
Electric Shadows,"SZA, Marshmello, Calvin Harris",23833658,1873,5,1118,2,608,2,7,1878,1120,610
Velvet Ways,"Beyoncé, Chris Stapleton",47945849,2053,27,740,3,669,0,8,2080,743,669
Dreams Roads,"SZA, Post Malone",54763239,2305,9,1145,14,1128,12,3,2314,1159,1140
Electric Days,Skrillex,14474353,513,30,176,6,223,4,5,543,182,227
Ocean Waves,"Skrillex, Kanye West, Dua Lipa",25958831,1138,7,410,10,502,4,4,1145,420,506
Summer Vibes,"Doja Cat, Bad Bunny, Metro Boomin",65245896,1789,11,1062,8,556,14,6,1800,1070,570
Silver Hills (Acoustic),"Lady Gaga, The Chainsmokers, Coldplay",63627473,2453,28,942,2,620,9,5,2481,944,629
Stars Lights (Acoustic),"Justin Bieber, Diplo",44329436,1170,27,674,0,393,8,2,1197,674,401
Silver Days,Kendrick Lamar,18922977,1452,22,788,14,537,7,10,1474,802,544
Stars Feelings,"Martin Garrix, Billie Eilish",61007201,2772,5,1005,8,1169,5,6,2777,1013,1174
Love Rivers,"J. Cole, Lil Baby, 21 Savage",19907474,997,18,427,10,321,6,7,1015,437,327
Golden Lights,"The Chainsmokers, Ed Sheeran, The Weeknd",29345791,2061,15,1147,5,863,2,4,2076,1152,865
Heart Days (Deluxe),Avicii,294166809,5433,25,2246,22,1658,9,33,5458,2268,1667
Golden Days (feat. DJ),"Ariana Grande, Kanye West",46614625,1681,19,600,16,640,5,0,1700,616,645
Night Hills,Harry Styles,15753288,1060,30,356,16,468,6,6,1090,372,474
Velvet Skies,Daft Punk,93803011,3172,26,1551,8,1142,8,6,3198,1559,1150
Love Feelings (Acoustic),"Post Malone, Morgan Wallen, Martin Garrix",306396380,6045,23,2137,22,1943,24,11,6068,2159,1967
Velvet Memories,"Ed Sheeran, Ariana Grande",40186150,1136,0,506,10,305,9,1,1136,516,314
Summer Roads (Live),Rihanna,71621367,2284,10,857,2,1004,2,5,2294,859,1006
Dreams Roads (Deluxe),Travis Scott,72493883,1963,11,1062,1,673,0,2,1974,1063,673
Stars Eyes,"Ariana Grande, Harry Styles",140563010,1962,72,969,25,413,33,30,2034,994,446
Love Streets (Deluxe),The Chainsmokers,88344639,1654,13,671,20,795,9,3,1667,691,804
Wild Nights,"Morgan Wallen, Kanye West",48574227,2736,15,1483,8,1362,14,4,2751,1491,1376
Sunset Hills,Bruno Mars,100032152,1055,11,449,12,333,22,27,1066,461,355
Silver Clouds (Deluxe),Calvin Harris,38423190,2604,11,888,12,694,6,0,2615,900,700
Rain Waves,Billie Eilish,105306637,1667,71,920,48,501,25,22,1738,968,526
Dreams Eyes,Metro Boomin,61338129,2176,27,821,18,729,7,9,2203,839,736
Sunset Moments,Zedd,163088039,5087,66,2415,17,1169,10,6,5153,2432,1179
Crystal Shadows,Adele,51134764,643,4,200,0,136,8,9,647,200,144
Heart Moments (feat. DJ),"Post Malone, Lady Gaga",115049095,1575,67,806,25,404,37,21,1642,831,441
Dance Lights,Daft Punk,85516970,2963,28,1052,13,732,4,0,2991,1065,736
Summer Streets (Live),Dua Lipa,82233702,2509,26,1159,0,526,10,2,2535,1159,536
Dance Days (Acoustic),Rihanna,20741049,2060,30,647,5,915,8,6,2090,652,923
Summer Story,Post Malone,16194687,448,28,135,0,119,8,6,476,135,127
Neon Dreams,OneRepublic,11040173,1331,2,775,5,629,8,7,1333,780,637
Silver Story,Marshmello,20296077,1338,28,551,14,594,13,4,1366,565,607
Ocean Nights (Remix),Maroon 5,41050466,2298,21,1012,4,693,2,2,2319,1016,695
Crystal Moments (Live),Metro Boomin,128537586,2476,9,1332,6,591,5,3,2485,1338,596
Dreams Streets (Live),Luke Combs,217013969,2554,32,1298,11,969,7,31,2586,1309,976
Love Shadows (feat. DJ),Marshmello,76203655,1773,21,963,18,822,12,3,1794,981,834
Crystal Hills,The Weeknd,42497364,1962,11,949,12,843,11,1,1973,961,854
Fire Dreams (Live),Kanye West,71348292,2093,25,734,11,774,0,6,2118,745,774
Fire Moments,Lady Gaga,43241144,2324,24,1160,18,745,13,3,2348,1178,758
Wild Ways,OneRepublic,31578022,2333,6,1206,7,924,1,0,2339,1213,925
Forever Rivers,"Justin Bieber, Coldplay",50274463,1237,15,739,9,579,3,9,1252,748,582
Love Memories (feat. DJ),Chris Stapleton,81697350,2696,15,1006,10,960,12,10,2711,1016,972
Heart Dreams,Rihanna,12915794,2621,1,1009,19,723,6,1,2622,1028,729
Ocean Dreams (Acoustic),Chris Stapleton,60131666,2239,22,805,17,461,7,6,2261,822,468
Velvet Clouds,Kygo,12393604,1832,16,1043,17,756,11,8,1848,1060,767
Electric Waves (feat. DJ),21 Savage,87123680,3012,12,1511,6,796,15,6,3024,1517,811
Velvet Eyes (Remix),Dua Lipa,37797054,2006,7,1033,4,460,7,5,2013,1037,467
Heart Memories,Calvin Harris,54794495,1517,20,864,17,541,8,3,1537,881,549
Silver Waves,21 Savage,39450068,660,0,394,4,270,12,5,660,398,282
Ocean Rivers,The Chainsmokers,35956892,1878,8,941,20,734,14,4,1886,961,748
Electric Roads,"Zedd, Bruno Mars, Ed Sheeran, Zach Bryan",127650180,1146,63,431,22,464,36,18,1209,453,500
Electric Rivers (Acoustic),Marshmello,131334491,3267,13,1957,18,1414,34,1,3280,1975,1448
Fire Feelings (Remix),Taylor Swift,12759273,1408,1,430,17,357,8,5,1409,447,365
Forever Skies,Bad Bunny,76525731,3456,23,2068,17,1051,7,0,3479,2085,1058
Heart Roads (Deluxe),Chris Stapleton,47927248,2484,18,887,14,1226,9,6,2502,901,1235
Night Story,Billie Eilish,14107466,1933,8,1112,9,937,8,2,1941,1121,945
Night Clouds,Billie Eilish,63498664,1238,10,717,5,316,5,1,1248,722,321
Neon Clouds,Kendrick Lamar,60237637,2476,13,985,3,1125,7,8,2489,988,1132
Ocean Memories,Dua Lipa,85353314,2673,22,1426,7,1274,4,10,2695,1433,1278
Wild Skies,Shakira,41476633,1793,11,613,10,413,3,8,1804,623,416
Forever Dreams,Kanye West,49441878,1624,24,555,14,750,9,1,1648,569,759
Wild Times,Skrillex,26835879,2135,13,693,2,867,7,10,2148,695,874
Fire Hills,Daft Punk,74366362,2113,5,711,9,681,6,5,2118,720,687
Dance Clouds,Calvin Harris,140404214,3286,50,1566,4,1630,14,13,3336,1570,1644
Love Memories,Zedd,50015553,3729,26,2160,10,928,2,8,3755,2170,930
Ocean Dreams (Deluxe),Zach Bryan,99110157,2721,28,1216,20,1123,11,8,2749,1236,1134
Dreams Moments,"Marshmello, Diplo",143168102,329,67,128,16,157,6,50,396,144,163
Love Days,"Justin Bieber, J. Cole",47616384,2401,2,1136,19,1190,15,8,2403,1155,1205
Night Shadows,The Chainsmokers,58017088,2437,20,1337,10,1031,0,7,2457,1347,1031
Silver Vibes,Avicii,286074308,2848,39,969,20,868,15,46,2887,989,883
Stars Eyes,Rihanna,128890558,3172,26,1312,25,767,28,5,3198,1337,795
Love Lights,"Beyoncé, Drake",69170488,1155,9,502,7,260,10,6,1164,509,270
Midnight Dreams,Coldplay,69176690,530,17,253,20,166,0,5,547,273,166
Heart Dreams (Live),Maroon 5,28924389,2165,27,1180,9,699,8,0,2192,1189,707
Stars Hills,Olivia Rodrigo,16713494,1636,3,750,18,440,10,3,1639,768,450
Love Roads,Skrillex,70804185,2908,8,1632,11,679,7,5,2916,1643,686
Heart Clouds (Acoustic),"J. Cole, Daft Punk, BTS",125310709,1186,8,536,13,432,28,41,1194,549,460
Summer Story,"Taylor Swift, BTS",35156799,1176,20,660,0,300,4,6,1196,660,304
Golden Streets,Harry Styles,6811729,1215,26,621,3,448,5,4,1241,624,453
Dance Skies (Remix),Post Malone,44899801,840,12,499,18,270,5,2,852,517,275
Sunset Feelings,Future,26619515,1447,12,527,15,294,12,7,1459,542,306
Silver Shadows,"Maroon 5, Ed Sheeran",8798671,1541,15,741,0,335,15,3,1556,741,350
Electric Nights,"Chris Stapleton, J. Cole",64578362,2104,2,1044,15,510,3,0,2106,1059,513
Love Streets,Ed Sheeran,58411433,1141,9,635,4,291,4,1,1150,639,295
Love Roads,"Morgan Wallen, Lil Baby, Luke Combs",142359789,2745,23,1169,40,839,6,14,2768,1209,845
Golden Shadows,Future,15878774,1758,18,879,10,855,2,2,1776,889,857
Sunset Moments,"OneRepublic, Martin Garrix",76906006,2002,16,1050,14,893,2,9,2018,1064,895
Midnight Roads (Deluxe),Bruno Mars,245400770,5086,16,2797,50,1514,14,17,5102,2847,1528
Dance Waves,"Avicii, Maroon 5, Adele",86724760,2845,21,1654,4,1308,11,5,2866,1658,1319
Midnight Streets,"Beyoncé, Chris Stapleton",78550698,3684,24,1965,2,870,3,6,3708,1967,873
Electric Roads,David Guetta,100266893,1769,69,952,21,513,5,35,1838,973,518
Sunset Feelings (feat. DJ),Future,154627977,2231,40,731,38,817,23,44,2271,769,840
Rain Lights (Acoustic),Taylor Swift,43249667,1002,9,475,8,459,13,7,1011,483,472
Crystal Moments (feat. DJ),"Metro Boomin, Harry Styles",136492856,2165,19,1273,25,524,33,22,2184,1298,557
Fire Times,Doja Cat,13364691,2563,30,876,10,595,3,10,2593,886,598
Ocean Nights,Bad Bunny,9632125,2211,17,824,4,746,0,1,2228,828,746
Dance Skies (Remix),The Weeknd,35903048,2480,29,1468,8,728,1,4,2509,1476,729
Summer Story,Diplo,48981653,450,4,170,11,165,13,1,454,181,178
Love Rivers,Justin Bieber,161461078,3732,9,2190,39,1730,26,34,3741,2229,1756
Golden Story,Drake,58153462,1555,18,691,9,765,4,3,1573,700,769
Wild Waves (Deluxe),"Post Malone, Billie Eilish, Harry Styles",40408171,1935,12,963,8,851,2,1,1947,971,853
Sunset Times,Beyoncé,46774761,1824,27,822,5,760,8,9,1851,827,768
Fire Shadows,Bad Bunny,24144288,2816,1,1107,16,921,7,7,2817,1123,928
Silver Dreams,Skrillex,24557693,1946,0,706,15,863,7,1,1946,721,870
Golden Dreams (Remix),"Kanye West, Post Malone",105368275,3373,67,1344,23,1606,40,7,3440,1367,1646
Electric Rivers (Live),"Calvin Harris, Avicii, Kygo",23461555,920,14,306,13,213,0,8,934,319,213
Heart Skies,Calvin Harris,133387260,2334,0,827,18,849,35,23,2334,845,884
Midnight Nights,Zach Bryan,23240069,1612,12,774,12,589,14,4,1624,786,603
Heart Times,OneRepublic,16347477,1973,13,1121,4,624,0,7,1986,1125,624
Heart Dreams,"Rihanna, Metro Boomin",147961327,3179,64,1016,1,645,6,47,3243,1017,651
Golden Skies (Acoustic),Ed Sheeran,184167530,2441,39,1135,5,490,1,7,2480,1140,491
Velvet Lights,Adele,123345906,2088,57,1194,21,923,8,14,2145,1215,931
Ocean Streets,Kanye West,76022120,901,11,478,13,389,14,2,912,491,403
Midnight Ways (Live),Marshmello,38297865,2371,23,754,3,820,9,3,2394,757,829
Night Nights,Lil Baby,68236091,2756,17,1253,9,1375,14,6,2773,1262,1389
Wild Days (Live),"Calvin Harris, Morgan Wallen, Olivia Rodrigo",64869311,2901,6,1647,13,1208,15,9,2907,1660,1223
Golden Times,Drake,194405135,2832,25,1340,47,637,20,38,2857,1387,657
Neon Rivers,The Chainsmokers,39117779,1633,13,906,18,671,0,3,1646,924,671
Night Nights,Morgan Wallen,35351355,2571,20,1455,13,982,15,1,2591,1468,997
Silver Skies,"Travis Scott, Maroon 5",172419307,1141,1,413,11,292,11,47,1142,424,303
Velvet Story (Live),Ed Sheeran,17475722,2156,1,1221,0,1040,9,9,2157,1221,1049
Fire Roads,"SZA, Marshmello",10903737,2871,30,1346,12,1225,10,4,2901,1358,1235
Fire Hills,SZA,42644630,2121,9,1256,18,944,1,2,2130,1274,945
Golden Days,Daft Punk,72016404,3491,14,1804,16,1598,13,4,3505,1820,1611
Silver Nights,"Lil Baby, Dua Lipa",96596827,2484,8,1149,1,932,5,2,2492,1150,937
Golden Lights,Bad Bunny,142316017,3223,36,1284,45,1304,2,14,3259,1329,1306
Fire Roads,Beyoncé,59598167,1886,7,635,8,803,2,2,1893,643,805
Neon Clouds,BTS,42940944,0,2,0,12,0,8,10,2,12,8
Summer Feelings,Imagine Dragons,119472056,2552,65,1247,25,703,6,9,2617,1272,709
Wild Moments,"Luke Combs, Travis Scott",14579086,2215,7,1236,11,449,3,4,2222,1247,452
Electric Hills (Live),Drake,267278507,2239,16,774,5,784,15,45,2255,779,799
Neon Memories,Zach Bryan,72937098,3270,24,1147,18,1621,13,5,3294,1165,1634
Crystal Lights,Travis Scott,81088748,2864,24,1134,13,1183,15,2,2888,1147,1198
Golden Vibes (Live),"Bruno Mars, J. Cole, Miley Cyrus",64356527,1203,0,633,17,306,12,2,1203,650,318
Fire Nights,J. Cole,54632741,2180,22,1082,12,547,14,0,2202,1094,561
Neon Eyes,Doja Cat,10708731,1614,24,525,7,441,6,8,1638,532,447
Sunset Story (feat. DJ),Taylor Swift,44547185,516,23,219,1,176,13,2,539,220,189
Dance Waves,Marshmello,49734085,3059,6,1819,6,1333,3,0,3065,1825,1336
Forever Feelings (feat. DJ),Shakira,196861651,1906,53,1083,48,399,13,50,1959,1131,412
Crystal Skies,"Adele, Dua Lipa",97646198,2311,5,901,5,490,5,4,2316,906,495
Wild Days,Shakira,125812126,3796,37,2018,23,1608,24,48,3833,2041,1632
Love Dreams,Ed Sheeran,48787072,2038,30,775,2,646,8,3,2068,777,654
Forever Hills (Live),Future,68949100,2757,6,1205,12,1153,2,8,2763,1217,1155
Dreams Shadows,Imagine Dragons,97868556,2050,23,989,1,987,4,7,2073,990,991
Velvet Clouds,21 Savage,35272184,2282,7,988,13,861,7,3,2289,1001,868
Fire Waves,"Daft Punk, Justin Bieber, Chris Stapleton",71505496,1838,19,560,16,616,13,5,1857,576,629
Fire Rivers,Bruno Mars,255005580,7136,41,3956,42,2790,36,8,7177,3998,2826
Electric Story,Imagine Dragons,16319828,1856,5,878,0,635,5,8,1861,878,640
Dreams Streets (Remix),"Zach Bryan, Marshmello",28286382,1426,6,734,18,514,7,1,1432,752,521
Ocean Lights (Live),"The Weeknd, Diplo, Doja Cat, Harry Styles",91876389,2123,30,1273,7,782,8,10,2153,1280,790
Midnight Ways,Taylor Swift,87145681,2443,1,808,20,1112,4,10,2444,828,1116
Night Streets (feat. DJ),"Skrillex, Maroon 5, J. Cole, Bruno Mars",14020911,224,28,125,2,75,12,2,252,127,87
Electric Moments,"Chris Stapleton, Lil Baby, The Weeknd",41057947,1310,2,557,0,428,3,9,1312,557,431
Love Times,Martin Garrix,132092533,3007,53,1077,16,854,13,20,3060,1093,867
Forever Moments,Justin Bieber,71555966,416,4,244,14,128,0,2,420,258,128
Midnight Lights,"Ariana Grande, Bruno Mars, Kendrick Lamar",12343424,837,7,426,13,231,2,8,844,439,233
Silver Streets (feat. DJ),Post Malone,54333568,4123,7,1766,12,1323,14,9,4130,1778,1337
Stars Memories (feat. DJ),"David Guetta, Future, Justin Bieber",86014842,2346,18,1140,0,739,12,1,2364,1140,751
Velvet Times,Luke Combs,66288894,1176,19,418,13,239,3,3,1195,431,242
Rain Dreams,Doja Cat,7009516,1734,2,670,1,686,14,6,1736,671,700
Rain Rivers (Live),Bruno Mars,76597312,3487,13,1720,12,1008,4,4,3500,1732,1012
Heart Dreams (Deluxe),"Avicii, OneRepublic, Diplo",205143319,3956,69,2280,2,1561,23,25,4025,2282,1584
Heart Rivers,Diplo,209168359,2042,0,802,50,983,31,16,2042,852,1014
Midnight Feelings,Diplo,60026157,977,15,583,11,213,13,1,992,594,226
Rain Days,Doja Cat,87660660,1693,9,787,0,734,15,6,1702,787,749
Ocean Vibes (Remix),Adele,32613109,3139,22,1166,5,1441,11,1,3161,1171,1452
Golden Skies (Remix),Tiësto,62399831,1198,7,575,3,570,1,10,1205,578,571
Velvet Ways (feat. DJ),"Adele, BTS",18976211,1005,25,464,6,378,12,2,1030,470,390
Love Moments,The Chainsmokers,63274598,1166,22,559,6,485,10,6,1188,565,495
Neon Memories,"Tiësto, Zach Bryan, OneRepublic",17365040,2366,1,1404,3,898,2,8,2367,1407,900
Velvet Lights,Miley Cyrus,42578540,2786,1,1082,14,1224,5,2,2787,1096,1229
Night Skies,Rihanna,20220829,2343,24,747,12,992,10,3,2367,759,1002
Love Shadows,"21 Savage, Coldplay",27797628,1659,15,902,14,334,12,8,1674,916,346
Night Moments (Remix),"OneRepublic, Lady Gaga",12757329,1953,18,656,6,734,3,2,1971,662,737
Electric Shadows,Billie Eilish,26791640,2608,1,821,17,858,4,7,2609,838,862
Velvet Dreams,Adele,44477290,112,17,34,17,26,12,5,129,51,38
Stars Feelings,"Skrillex, Lady Gaga",52945369,2171,3,1179,4,635,13,0,2174,1183,648
Dreams Shadows,Doja Cat,5789016,2691,7,1355,20,1306,13,7,2698,1375,1319
Forever Vibes,Ariana Grande,60766690,1551,23,812,6,355,10,7,1574,818,365
Midnight Roads,"OneRepublic, Bruno Mars, Morgan Wallen",26775652,0,10,0,15,0,14,6,10,15,14
Dance Times (Remix),Morgan Wallen,72560549,1604,27,874,19,656,6,10,1631,893,662
Electric Clouds,"Beyoncé, Maroon 5",28512076,1820,29,675,5,486,10,10,1849,680,496
Rain Times (feat. DJ),Ed Sheeran,102894417,2142,67,738,38,434,30,21,2209,776,464
Ocean Dreams,OneRepublic,7011885,1578,26,659,9,781,6,10,1604,668,787
Crystal Memories (Live),"Olivia Rodrigo, OneRepublic, Luke Combs",30783113,1346,11,424,12,591,10,9,1357,436,601
